-368,-176,16360,18,-20,6
-412,-124,16368,13,-10,1
-364,-188,16448,3,-19,-24
-388,-152,16424,-3,13,-2
-516,-140,16480,-3,-1,-9
-456,-176,16400,-14,-8,-27
-572,-92,16420,3,20,-3
-428,-208,16504,-11,-13,-10
-428,-196,16332,-11,8,-6
-460,-256,16404,-16,-2,-21
-504,-76,16372,3,11,-9
-464,-52,16372,-7,4,-18
-464,-192,16340,7,-15,-14
-408,-68,16420,-6,21,6
-356,-148,16404,-10,-35,-19
-364,-140,16420,-5,-11,14
-368,-120,16428,-5,13,-12
-444,-132,16460,-13,-20,1
-384,-100,16404,-5,23,-18
-512,-80,16448,-36,-6,-8
-436,-184,16264,0,20,9
-440,-264,16356,-15,21,-10
-420,-96,16400,17,5,7
-428,-124,16396,-14,11,7
-424,-272,16388,-12,4,11
-372,-236,16268,18,10,-13
-440,-196,16352,-10,-27,17
-400,-236,16284,-12,11,-15
-388,-272,16544,3,3,-2
-520,-212,16516,10,-13,-22
-420,-196,16496,-4,-21,2
-344,-240,16492,-14,-2,-15
-420,-228,16396,2,-2,4
-368,-280,16420,-14,30,-8
-456,-228,16480,-12,12,-26
-396,-200,16500,4,-30,5
-476,-176,16316,2,16,4
-320,-252,16456,-25,6,-5
-368,-76,16396,16,-2,-30
-364,-212,16372,-33,2,33
-380,-112,16436,4,32,-29
-452,-168,16404,-39,-25,-11
-404,-124,16432,-12,7,-14
-456,-108,16452,-1,6,-11
-488,-124,16444,-23,16,3
-468,-252,16408,30,-35,-9
-412,-164,16468,-26,-5,-12
-384,-184,16324,14,4,6
-512,-148,16488,-14,-3,-7
-376,-140,16456,-15,-15,32
-412,-112,16396,-10,9,22
-480,-172,16448,-1,14,-26
-484,-76,16396,1,-9,9
-412,-144,16476,-3,22,-11
-432,-188,16360,-33,-21,0
-480,-260,16364,-8,0,4
-392,-248,16456,13,-1,-17
-500,-116,16436,-15,-10,7
-472,-196,16352,0,-1,-11
-288,-72,16416,1,32,-20
-488,-168,16448,-23,-12,-35
-432,-140,16424,-17,-7,-4
-428,-192,16348,13,-2,8
-464,-236,16548,5,-13,16
-324,-144,16380,4,-3,16
-296,-208,16428,-27,2,3
-424,-180,16576,6,25,3
-524,-208,16220,-26,-8,5
-512,-164,16332,-14,3,-34
-376,-160,16476,-18,-11,-28
-420,-136,16444,6,14,7
-480,-132,16404,12,-15,4
-344,-148,16372,-29,-16,-5
-324,-224,16480,0,-4,-27
-400,-132,16636,13,-23,-12
-388,-132,16452,-8,15,7
-360,-228,16408,-20,5,-9
-452,-248,16464,-15,-17,-21
-400,-196,16544,10,27,-1
-388,-216,16372,11,-2,8
-304,-36,16268,-7,23,-27
-500,-252,16348,-14,9,-1
-440,-144,16336,-23,-6,9
-488,-144,16440,-5,3,-14
-572,-124,16504,-6,0,0
-428,-228,16240,25,-2,-12
-476,-240,16344,-31,12,-2
-360,-208,16628,-5,21,13
-456,-184,16372,11,-2,14
-460,-216,16388,25,10,-10
-456,-172,16440,-21,9,-17
-436,-188,16372,21,-1,-26
-432,-188,16412,-14,-4,11
-332,-152,16508,-13,3,-5
-392,-168,16512,-35,-6,-21
-492,-212,16416,-11,13,15
-416,-144,16328,3,-8,-27
-364,-140,16292,-5,1,32
-444,-196,16372,-3,-4,-19
-380,-184,16428,-12,4,-12
-356,-112,16492,-10,-8,0
-452,-180,16480,6,-4,-15
-384,-88,16356,12,-4,26
-460,-232,16212,0,6,8
-412,-68,16460,-9,-4,-7
-440,-172,16300,15,-5,6
-428,-240,16396,-9,13,12
-412,-236,16416,9,23,-18
-436,-228,16364,-5,-6,-6
-452,-100,16416,-9,-16,-17
-388,-180,16268,-5,-7,5
-364,-156,16424,-16,10,9
-376,-228,16476,-6,27,-21
-372,-220,16484,-7,3,-8
-432,-204,16304,-39,-4,-2
-396,-96,16456,6,-14,25
-388,-184,16472,-2,6,-1
-432,-52,16472,-2,2,8
-424,-28,16356,0,-17,-27
-456,-240,16432,-9,-16,11
-256,-88,16428,-14,-18,-1
-428,-100,16300,-13,-3,-2
-444,-196,16492,-18,24,10
-460,-184,16500,-18,-18,12
-496,-48,16448,-26,-17,6
-404,-200,16244,0,-14,-22
-420,-216,16424,9,-1,-13
-436,-76,16516,-17,-16,7
-384,-152,16456,-8,2,-8
-360,-148,16348,0,-7,-17
-388,-252,16504,-50,-3,-7
-456,-156,16364,-1,-22,-16
-348,-132,16432,-12,11,5
-456,-224,16264,-21,-4,-2
-376,-104,16252,-4,6,-9
-428,-180,16408,0,-4,-12
-376,-56,16428,-5,-25,-11
-384,-196,16440,-21,5,32
-400,-152,16368,-8,-5,-19
-468,-136,16516,-22,13,7
-328,-180,16360,1,-9,-4
-392,-264,16472,14,11,12
-516,-180,16328,-8,-4,-1
-340,-116,16292,18,5,24
-416,-280,16368,1,20,8
-480,-148,16412,-9,-33,-1
-456,-132,16404,-2,16,-8
-444,-188,16596,3,7,-1
-360,-176,16464,3,-8,-5
-384,-60,16524,4,-1,25
-420,-264,16312,-2,12,-4
-464,-56,16536,8,4,-1
-368,-236,16408,-4,32,-8
-436,-144,16444,-11,33,6
-396,-228,16476,5,26,0
-388,-204,16588,-16,10,-11
-500,-204,16456,-16,14,1
-436,-156,16432,17,-14,-21
-308,-196,16472,-12,-23,2
-500,-124,16528,-17,-20,-11
-460,-192,16552,3,-18,31
-496,-228,16368,-19,16,0
-436,-184,16364,-2,10,11
-516,-96,16412,-14,-2,-4
-516,-148,16400,-37,0,-4
-444,-188,16372,15,-19,-22
-408,-260,16512,-29,-23,5
-416,-180,16424,8,-18,-22
-356,-156,16480,2,11,-33
-344,-172,16388,-20,15,6
-412,-180,16396,7,2,-19
-472,-224,16520,-31,-11,5
-440,-160,16588,-8,-24,13
-472,-96,16400,16,15,-7
-508,-148,16468,-20,-5,1
-472,-120,16376,-3,-27,1
-356,-152,16520,-36,-3,-6
-436,-196,16276,16,7,12
-392,-164,16536,-24,-9,31
-368,-156,16464,-15,4,5
-388,-240,16464,-6,4,7
-428,-76,16396,-2,3,-4
-424,-160,16444,-6,-12,20
-444,-128,16484,-11,-12,-4
-420,-148,16236,-8,18,4
-344,-100,16348,-1,10,-21
-460,-184,16328,-12,1,3
-412,-124,16488,-16,-12,-14
-524,-132,16524,14,-1,2
-436,-156,16444,-4,13,-2
-456,-304,16572,-11,-16,-11
-452,-252,16424,-4,37,-9
-396,-136,16340,-5,-21,11
-392,-140,16380,-7,3,7
-420,-140,16528,-21,15,15
-384,-72,16416,2,3,-23
-404,-136,16336,-3,-33,11
-436,-136,16272,-17,0,-30
-464,-236,16448,-6,-2,-17
-380,-156,16484,1,-25,1
-348,-144,16448,-16,5,0
-436,-184,16436,-10,-15,13
-460,-208,16392,4,23,-19
-480,-256,16396,17,-24,4
-388,-200,16404,-32,0,-12
-508,-172,16460,-17,21,13
-444,-144,16564,-12,6,0
-404,-200,16508,9,26,-9
-460,-188,16468,-27,-2,11
-520,-248,16380,2,26,-3
-416,-112,16388,-10,-24,0
-344,-140,16356,-28,3,-8
-444,-240,16556,17,-2,0
-396,-232,16388,-7,-15,3
-472,-176,16568,-13,22,9
-412,-196,16392,-18,-32,18
-480,-164,16364,-17,12,-3
-376,-144,16304,-10,-14,-4
-448,-68,16368,-31,0,-27
-348,-192,16356,0,26,16
-384,-196,16388,-7,8,-23
-424,-112,16280,9,-9,-1
-488,-60,16420,-6,-10,1
-336,-172,16500,31,-2,-15
-384,-192,16456,-11,11,15
-388,-184,16304,21,9,-25
-464,-112,16348,-8,15,19
-476,-180,16320,3,13,-8
-332,-144,16360,-29,-8,4
-404,-188,16556,-3,26,6
-256,-240,16436,7,13,7
-416,-136,16268,-1,29,21
-384,-152,16524,-28,26,-10
-340,-200,16464,12,4,-6
-492,-296,16472,-14,-2,-6
-436,-244,16348,-21,-21,-19
-476,-156,16384,-5,10,9
-444,-248,16480,-15,14,7
-428,-200,16572,-28,3,34
-456,-152,16388,5,18,-24
-380,-144,16552,-23,-11,-24
-452,-92,16360,-10,-10,-19
-460,-164,16404,-9,0,3
-364,-312,16500,5,14,-15
-364,-164,16364,1,15,-11
-364,-120,16404,14,17,-21
-328,-232,16564,-19,-17,0
-412,-232,16416,-8,-16,-3
-456,-24,16508,-24,5,16
-480,-8,16444,-19,1,-22
-336,-44,16560,-13,-12,-34
-456,-248,16428,-14,-2,-3
-464,-88,16296,-5,-4,-28
-416,-152,16396,-4,0,-21
-432,-176,16424,-8,-5,-5
-392,-208,16536,-1,-24,-11
-384,-156,16336,-8,24,-28
-392,-124,16524,1,15,-4
-568,-104,16592,-20,-16,8
-404,-200,16424,4,9,3
-416,-156,16404,-21,19,-8
-444,-304,16392,13,9,-7
-480,-236,16424,-17,-17,5
-420,-164,16416,-6,2,-4
-392,-172,16492,-27,-26,16
-420,-204,16428,15,12,-7
-412,-160,16400,-2,-5,-8
-356,-188,16452,4,10,-7
-360,-196,16416,-13,11,-29
-464,-196,16420,-14,4,-16
-388,-180,16292,6,19,-11
-268,-228,16368,-13,-3,-36
-492,-196,16480,-33,-10,35
-428,-164,16404,-18,25,5
-388,-180,16456,0,-44,-21
-540,-188,16284,-18,8,-1
-444,-144,16380,-15,40,-21
-440,-184,16376,-8,-10,-5
-404,-188,16296,-12,-14,-15
-436,-116,16436,-14,37,-2
-472,-140,16520,-5,0,-17
-372,-260,16564,-19,-8,7
-448,-180,16408,-3,-2,-13
-372,-156,16464,-23,-25,-14
-280,-108,16448,-8,6,4
-460,-196,16428,-3,16,-8
-436,-152,16416,1,0,-14
-484,-88,16424,0,-9,-7
-492,-260,16460,-6,-5,-3
-504,-156,16428,-14,0,1
-516,-164,16388,1,11,3
-468,-184,16456,-7,-11,-21
-464,-228,16596,-38,30,-5
-412,-112,16456,-9,-41,-6
-376,-228,16508,7,18,8
-428,-212,16456,-19,-9,7
-360,-156,16460,13,-10,-4
-448,-140,16476,-23,-6,-1
-412,-328,16376,-8,12,-19
-412,-180,16208,-21,8,22
-352,-252,16372,-11,-1,-7
-420,-136,16372,-11,-9,-1
-404,-212,16152,-12,-41,-13
-428,-140,16536,-16,17,0
-384,-144,16380,-19,-11,20
-436,-104,16408,6,17,15
-416,-180,16472,0,-10,2
-456,-236,16316,-12,11,-3
-324,-148,16380,-24,22,-2
-372,-140,16400,-17,-9,1
-448,-252,16204,-28,-18,4
-336,-128,16488,-15,13,-18
-388,-116,16512,-9,19,5
-508,-176,16492,-26,-1,6
-368,-288,16412,4,-15,3
-436,-136,16472,-16,-6,-20
-444,-128,16368,-7,3,-35
-448,-280,16312,-5,-24,18
-384,-60,16484,-6,14,1
-428,-188,16380,-4,-21,-21
-500,-136,16416,1,-7,-14
-500,-112,16568,-14,-21,-4
-416,-144,16376,14,30,11
-464,-228,16444,-4,-27,-18
-352,-84,16416,-15,-11,-7
-384,-80,16308,-21,31,15
-516,-160,16504,-7,-24,-17
-400,-212,16332,-12,-4,-12
-392,-164,16256,8,10,8
-364,-248,16404,7,24,14
-508,-244,16484,-7,2,-6
-480,-212,16464,-7,-6,-3
-412,-224,16404,15,5,-15
-376,-160,16540,15,10,-21
-412,-168,16340,14,25,-16
-360,-172,16344,-28,-42,18
-432,-140,16308,11,2,1
-448,-176,16440,-17,-1,-6
-444,-264,16356,11,-3,-17
-396,-148,16360,-20,-22,-17
-456,-184,16408,19,24,-7
-488,-204,16508,12,-5,5
-456,-240,16484,1,36,3
-488,-148,16488,-8,-32,-8
-376,-220,16360,0,-6,-5
-408,-208,16588,8,7,8
-404,-136,16428,-6,1,-12
-416,-172,16472,-12,-10,15
-360,-216,16344,-12,18,32
-288,-144,16408,7,15,-13
-356,-100,16252,-20,-18,7
-392,-160,16560,19,-6,-1
-492,-164,16424,-13,10,-14
-388,-88,16436,-9,-7,-10
-448,-144,16408,15,2,-6
-404,-108,16372,-14,15,9
-408,-128,16512,-3,-30,15
-436,-328,16364,-17,6,7
-424,-180,16552,4,9,-19
-384,-152,16436,-13,-35,4
-480,-252,16464,-18,8,-3
-372,-152,16476,6,-4,-7
-384,-12,16468,-10,-9,-6
-472,-88,16456,-2,-22,-4
-428,-156,16448,-30,20,-13
-424,-132,16448,-13,9,-1
-432,-168,16516,-33,-15,16
-472,-252,16428,24,-1,-11
-384,-212,16492,3,0,-18
-480,-92,16284,-2,-18,2
-496,-208,16344,-22,-9,22
-444,-172,16480,5,-29,-18
-436,-76,16440,-5,0,3
-432,-196,16392,-8,-18,-16
-508,-128,16684,-9,10,40
-352,-168,16436,2,5,-1
-388,-132,16328,-19,33,21
-444,-228,16552,6,-1,1
-460,-192,16296,-1,-9,-12
-460,-184,16524,-7,6,-16
-360,-196,16420,-12,-6,24
-440,-200,16480,2,-3,-9
-444,-140,16252,-22,-10,-17
-452,-168,16288,-36,-29,19
-340,-220,16380,11,7,-15
-392,-204,16436,-20,0,-15
-432,-176,16488,-1,-13,20
-324,-148,16464,-2,3,-35
-480,-208,16232,-6,10,10
-456,-204,16532,-45,12,-26
-388,-152,16456,5,17,10
-300,-188,16472,-6,-2,-23
-396,-216,16404,-1,-7,5
-508,-216,16360,-11,1,-8
-360,-132,16380,-11,2,-9
-412,-156,16492,2,-6,-4
-428,-204,16560,1,-3,-14
-352,-136,16272,-21,-26,12
-360,-188,16428,-8,29,15
-384,-232,16404,-18,15,8
-432,-260,16348,21,-35,6
-384,-172,16360,-24,13,0
-392,-148,16416,-11,4,-14
-384,-120,16304,8,26,-1
-388,-188,16264,-14,15,-6
-460,-120,16492,-6,12,-9
-496,-132,16412,-14,24,-9
-540,-176,16448,24,13,-23
-392,-208,16456,-7,-29,-8
-440,-140,16416,34,-17,8
-408,-264,16380,-7,10,-6
-428,-116,16472,5,-20,-4
-420,-236,16344,-5,-6,-23
-352,-100,16480,-22,-3,15
-376,-180,16484,-5,6,-19
-376,-196,16496,20,16,-37
-444,-196,16404,-24,-7,4
-328,-128,16344,4,-10,11
-364,-192,16328,-11,1,13
-368,-124,16296,2,20,13
-372,-220,16424,-14,-10,-14
-416,-220,16404,-5,34,-6
-440,-100,16568,-6,-15,8
-348,-156,16372,-1,-1,3
-380,-160,16496,5,3,-21
-484,-140,16544,-10,6,16
-352,-164,16364,-3,8,-15
-384,-200,16480,-1,-3,1
-480,-240,16428,9,-30,-8
-412,-112,16428,-3,8,19
-480,-188,16536,10,-7,7
-424,-212,16468,11,18,-30
-340,-120,16464,2,12,11
-372,-236,16360,-9,16,-2
-428,-200,16544,-8,28,-10
-372,-156,16576,-3,-10,0
-404,-236,16420,-9,32,-13
-304,-200,16352,2,-4,3
-432,-148,16368,-17,-15,-13
-340,-152,16428,-18,-23,18
-376,-120,16368,-2,6,-27
-496,-144,16384,32,-12,2
-416,-180,16464,4,-10,-20
-356,-240,16628,-13,-17,-2
-376,-160,16292,9,21,-2
-412,-152,16460,-23,7,-14
-408,-192,16356,5,20,-22
-408,-168,16388,-2,10,-9
-532,-112,16488,-12,-28,-12
-404,-76,16324,0,-20,-20
-360,-116,16448,4,-1,-10
-436,-208,16376,4,8,6
-432,-192,16448,-11,2,10
-432,-112,16528,-7,18,1
-428,-104,16472,-14,42,-1
-412,-296,16468,-20,-30,-15
-384,-152,16452,26,21,-4
-388,-216,16348,-36,-5,-13
-436,-112,16464,0,25,-12
-428,-192,16380,11,10,20
-428,-140,16440,7,8,-9
-436,-84,16440,11,-1,-11
-392,-152,16416,-21,28,-4
-296,-128,16508,-3,1,15
-500,-252,16368,0,-4,-16
-392,-200,16536,-14,3,1
-404,-252,16472,-12,11,3
-408,-200,16396,0,-14,-17
-412,-184,16452,-6,-18,15
-392,-208,16500,-25,48,-29
-480,-160,16448,21,1,-21
-472,-144,16436,-20,18,24
-444,-164,16500,1,-3,-22
-388,-200,16480,-9,5,-15
-348,-360,16512,-46,-13,-14
-416,-292,16464,30,2,-2
-388,-216,16396,17,10,12
-496,-52,16372,-21,3,-16
-352,-196,16416,-22,17,-13
-308,-168,16380,-14,6,-19
-336,-188,16456,-3,11,-7
-456,-108,16564,2,19,8
-408,-192,16252,-25,-11,-1
-452,-184,16500,-19,8,-3
-420,-188,16420,28,10,4
-352,-144,16544,0,-18,10
-476,-72,16248,10,17,7
-400,-112,16544,0,14,-5
-440,-40,16352,-10,5,-4
-396,-136,16492,-5,2,-7
-328,-188,16244,-15,-10,-5
-464,-84,16468,-12,-42,16
-428,-252,16420,-7,-5,-33
-356,-132,16532,-23,9,-7
-472,-184,16412,4,-15,-11
-420,-168,16316,12,-3,3
-452,-228,16540,1,43,0
-464,-196,16376,11,7,-11
-344,-288,16440,9,-33,-19
-376,-152,16536,-21,18,13
-396,-80,16272,6,-4,9
-448,-172,16412,7,15,-17
-404,-264,16444,-7,-27,-21
-484,-156,16452,-2,15,-23
-480,-116,16568,-11,-11,11
-532,-184,16224,12,18,3
-428,-180,16444,-2,9,-6
-412,-128,16344,-6,-4,3
-384,-212,16376,3,19,-29
-416,-164,16364,-7,-12,20
-472,-188,16592,8,21,6
-408,-184,16444,-18,-12,8
-408,-216,16344,-25,11,9
-320,-212,16456,5,9,-8
-428,-224,16440,-20,19,-12
-424,-188,16380,-11,-13,4
-388,-124,16492,1,4,37
-508,-176,16420,-17,-2,-2
-400,-140,16392,-7,-1,-11
-356,-264,16344,3,-28,-3
-336,-228,16492,8,-8,-20
-376,-232,16364,6,16,-14
-432,-236,16464,12,-2,-21
-460,-164,16384,-9,-2,1
-288,-212,16492,-5,16,-15
-468,-156,16560,-1,4,-2
-448,-116,16416,-33,5,26
-384,-132,16428,17,7,8
-424,-84,16372,19,-1,-29
-428,-200,16348,0,-9,13
-424,-116,16360,-25,6,0
-456,-176,16420,-24,-1,-11
-448,-228,16432,5,21,21
-424,-136,16376,-40,-13,-5
-440,-120,16460,-11,3,5
-304,-164,16500,-5,22,-7
-448,-112,16416,-5,-39,-3
-404,-104,16248,3,20,-4
-412,-220,16544,17,-30,29
-384,-144,16532,2,25,-2
-484,-276,16204,-14,-8,3
-368,-296,16472,12,-32,-8
-408,-196,16444,-16,20,-13
-416,-192,16440,-14,29,-15
-464,-220,16364,-3,-28,8
-520,-248,16444,3,-8,-8
-368,-112,16480,-18,-38,14
-484,-372,16448,3,7,7
-388,-56,16576,-22,-13,-27
-516,-196,16420,4,-14,0
-476,-140,16520,18,15,-15
-448,-116,16468,-5,-7,-6
-440,-204,16240,-4,8,-6
-340,-204,16396,8,-19,-9
-436,-184,16316,4,11,-8
-376,-120,16396,-22,-17,20
-472,-136,16344,9,12,-15
-352,-140,16320,-23,-1,3
-324,-200,16340,3,-1,-24
-416,-136,16432,16,-7,26
-444,-184,16488,-31,-5,7
-328,-120,16436,23,7,9
-340,-172,16540,-11,2,-9
-388,-228,16416,-8,2,-3
-492,-172,16436,-1,17,17
-392,-132,16492,-1,22,7
-436,-176,16348,-7,-5,-11
-376,-268,16376,-14,10,2
-408,-188,16396,-28,1,-6
-408,-160,16424,-6,4,-11
-444,-120,16440,1,1,-4
-432,-184,16536,21,-22,-17
-436,-128,16492,-20,13,-12
-500,-248,16396,8,-21,30
-452,-164,16612,-38,-7,-25
-408,-144,16468,-12,7,18
-456,-224,16504,5,-13,-16
-416,-164,16356,-8,-7,-2
-476,-212,16456,5,-21,6
-420,-132,16372,-26,1,-9
-464,-124,16516,-30,-41,4
-404,-200,16388,-9,-8,-17
-308,-116,16300,11,-37,1
-412,-220,16352,-8,4,-17
-472,-88,16496,-14,-24,2
-488,-160,16368,0,9,-21
-420,-152,16360,14,-13,3
-324,-248,16320,13,-17,18
-420,-176,16400,-8,-6,-20
-392,-164,16448,-4,8,5
-500,-288,16392,-14,-39,-14
-468,-240,16476,15,27,7
-384,-132,16400,-11,19,-12
-400,-208,16428,16,-7,-11
-488,-152,16372,-11,-14,15
-468,-280,16484,-19,-7,4
-308,-212,16408,26,5,-4
-280,-216,16412,-7,-11,-8
-360,-120,16500,-19,-15,-11
-396,-260,16544,-9,2,-2
-444,-268,16564,5,-15,8
-404,-92,16620,-39,6,1
-384,-200,16456,13,1,-2
-452,-168,16420,-30,14,24
-472,-160,16488,0,-6,4
-352,-112,16380,-15,9,-1
-460,-144,16444,-30,-30,-2
-428,-204,16348,30,32,16
-480,-244,16368,-12,-14,-3
-416,-276,16516,-31,-16,4
-504,-176,16436,48,3,-14
-476,-116,16452,-30,33,1
-388,-164,16396,-10,-25,7
-416,-192,16428,-24,-18,-23
-376,-116,16424,-32,4,-5
-420,-188,16256,5,6,8
-392,-164,16456,1,-13,-25
-348,-208,16416,-9,19,5
-472,-296,16272,9,2,-17
-428,-200,16352,-24,4,9
-428,-176,16484,13,17,-15
-364,-164,16316,11,-5,-21
-484,-252,16568,-15,-7,-6
-356,-124,16304,-4,19,-6
-384,-140,16524,-11,-1,-12
-548,-148,16424,1,15,14
-452,-172,16512,-8,35,-10
-436,-248,16456,-12,-20,-10
-300,-152,16404,4,2,11
-440,-140,16420,-18,-24,-4
-508,-184,16404,-7,9,-19
-384,-112,16360,-9,-19,-19
-476,-92,16452,-11,-8,5
-444,-208,16284,-4,11,9
-408,-172,16368,0,-4,-15
-368,-260,16532,-2,37,5
-448,-224,16404,-4,-10,-14
-556,-216,16352,14,3,8
-332,-156,16464,10,2,-6
-472,-128,16412,-11,33,8
-472,-152,16524,-4,16,-18
-444,-160,16340,-13,-22,-10
-436,-88,16472,4,-7,5
-280,-196,16440,-19,34,19
-520,-212,16476,-9,6,5
-400,-224,16464,-2,-3,26
-408,-164,16344,-5,6,-15
-440,-144,16448,-11,-9,-31
-556,-128,16432,10,-6,6
-392,-84,16368,-14,5,-5
-460,-152,16400,-27,-6,4
-408,-144,16456,16,-4,1
-376,-200,16472,-5,-8,1
-356,-196,16324,-30,26,12
-484,-188,16508,-13,-18,-14
-448,-136,16480,8,46,-23
-320,-116,16284,-5,-26,-4
-368,-88,16404,-4,1,2
-424,-172,16500,-4,1,-3
-400,-180,16400,-8,-13,-6
-412,-180,16348,0,19,-14
-488,-184,16516,-4,-25,-2
-416,-148,16540,-12,18,-3
-436,-172,16444,-4,7,3
-412,-284,16352,-10,-1,-11
-488,-264,16412,-21,15,-15
-400,-160,16384,-8,-19,15
-388,-156,16408,-7,-5,-16
-420,-204,16392,20,-6,4
-368,-144,16288,-23,12,9
-440,-180,16540,-2,-4,7
-404,-196,16492,-6,-12,3
-432,-208,16380,-14,10,-8
-352,-188,16356,-1,1,-9
-352,-168,16492,-18,13,12
-448,-240,16340,-10,28,-11
-468,-276,16408,23,-19,-1
-428,-136,16340,-10,-3,1
-380,-108,16468,8,-6,7
-368,-128,16428,9,-14,-2
-432,-168,16424,-20,7,-19
-404,-92,16392,-1,12,14
-384,-144,16400,-7,0,15
-244,-112,16456,-14,26,-2
-392,-228,16412,-9,-23,7
-484,-188,16400,-1,5,-27
-380,-84,16428,23,17,8
-408,-32,16552,-3,-12,0
-440,-216,16252,-20,-17,-4
-420,-128,16340,-7,0,10
-348,-232,16400,-12,10,14
-388,-252,16236,6,-4,-1
-480,-208,16448,2,-5,-1
-428,-256,16416,9,3,-21
-372,-180,16392,-22,3,13
-384,-104,16340,-20,14,-8
-352,-40,16408,-9,-9,7
-388,-212,16500,-26,-26,-9
-432,-156,16380,6,-16,-5
-388,-188,16372,-15,8,23
-496,-64,16496,14,3,-28
-456,-84,16360,-22,10,-15
-432,-56,16452,-7,-2,-3
-332,-228,16320,-6,16,16
-412,-156,16496,-8,-34,-5
-368,-120,16352,13,17,-17
-408,-56,16516,3,-5,-1
-324,-184,16420,2,21,-11
-340,-248,16380,-12,10,-22
-468,-96,16552,-19,-3,-14
-412,-236,16444,7,-27,13
-464,-176,16488,13,15,-9
-308,-128,16464,-33,23,-1
-544,-196,16496,2,-35,-3
-300,-92,16304,1,-19,-23
-408,-152,16484,-18,-1,7
-400,-136,16372,23,-4,-12
-452,-196,16460,-12,-21,-6
-408,-192,16304,-4,20,-15
-524,-124,16436,13,28,-1
-324,-176,16496,-37,8,4
-448,-208,16444,13,14,19
-452,-148,16508,-11,1,-22
-420,-152,16660,-18,11,-12
-400,-172,16468,-18,15,-6
-428,-184,16404,-16,-11,-5
-332,-144,16368,-17,4,-13
-336,-116,16488,3,36,15
-420,-232,16492,-14,23,-3
-388,-220,16436,10,12,-3
-432,-264,16368,-7,-8,4
-408,-144,16452,-11,4,4
-280,-44,16472,-2,-2,-20
-384,-120,16348,-17,23,0
-312,-244,16316,1,-18,-24
-468,-144,16424,24,-14,1
-444,-180,16368,-6,6,-16
-360,-252,16588,-26,30,-4
-368,-232,16440,1,-31,-9
-440,-224,16508,-2,-16,0
-388,-176,16540,-5,5,18
-428,-236,16400,-26,6,-9
-316,-184,16532,-1,-23,4
-448,-184,16328,-5,-8,-12
-472,-196,16480,-26,4,12
-400,-200,16536,12,-14,1
-404,-264,16292,9,19,5
-424,-200,16316,-2,33,9
-464,-88,16400,4,-15,-11
-440,-148,16332,-1,6,-13
-448,-84,16332,-16,12,-4
-400,-160,16344,11,10,4
-512,-236,16420,-14,14,-21
-408,-188,16428,29,-33,-4
-476,-192,16412,-8,-9,8
-440,-128,16436,-6,-2,4
-512,-148,16480,-17,6,-18
-412,-116,16560,12,-15,5
-464,-152,16424,-22,12,-26
-440,-196,16460,19,-26,5
-388,-200,16472,7,7,14
-352,-164,16320,26,-7,-4
-404,-160,16372,-2,-10,-18
-440,-112,16320,-11,6,8
-376,-212,16376,-20,4,11
-488,-180,16496,-26,-19,-1
-460,-120,16460,-29,9,-12
-384,-168,16372,2,3,3
-372,-172,16348,-17,-5,0
-524,-168,16444,11,10,23
-368,-108,16516,-19,-15,-9
-412,-276,16516,24,13,-14
-476,-164,16456,-22,7,16
-376,-116,16324,-4,9,-17
-432,-112,16528,18,-6,9
-464,-220,16568,-13,22,11
-532,-184,16436,-31,21,-18
-364,-148,16380,11,11,-15
-352,-164,16492,-12,8,-15
-432,-120,16576,-4,-16,24
-420,-140,16560,-21,2,-9
-416,-180,16460,-7,-19,-1
-392,-240,16416,4,-2,-28
-480,-240,16336,8,-25,-1
-452,-72,16588,-3,13,-8
-288,-184,16440,-8,-1,9
-376,-172,16460,-26,-24,-17
-456,-232,16344,-1,6,9
-436,-64,16388,-7,19,-2
-376,-132,16548,-5,-10,-21
-452,-184,16500,6,15,12
-440,-188,16524,-26,1,-13
-308,-244,16380,7,-4,-7
-268,-176,16376,-18,-29,11
-360,-224,16400,-13,18,-12
-408,-256,16280,-2,-19,-13
-356,-240,16348,29,12,25
-332,-212,16400,-24,-13,-21
-372,-216,16432,16,0,11
-444,-156,16472,11,15,-23
-396,-224,16264,-30,2,8
-468,-200,16368,-17,-31,14
-444,-172,16364,13,-6,0
-464,-252,16448,1,-9,-1
-376,-132,16340,-19,13,-5
-412,-152,16460,-6,5,-14
-384,-140,16444,-16,10,7
-476,-228,16316,-3,-3,14
-476,-108,16424,0,-6,11
-428,-100,16492,1,17,3
-472,-132,16556,-12,-33,4
-444,-156,16336,-15,21,4
-368,-128,16476,-9,5,-11
-436,-180,16584,-18,11,-14
-428,-192,16504,9,-23,-7
-484,-144,16404,0,-10,3
-472,-96,16492,10,2,-9
-428,-148,16416,-4,-10,-21
-448,-172,16276,-9,4,0
-428,-188,16464,-1,-21,-9
-420,-216,16456,-15,-4,-2
-444,-160,16484,-12,-36,2
-472,-248,16360,21,-8,-11
-348,-88,16520,-22,-15,15
-464,-280,16416,-3,-3,-11
-332,-244,16492,-29,25,7
-508,-164,16472,-4,-26,-8
-524,-220,16384,-6,-7,4
-436,-148,16400,-12,10,-15
-556,-228,16372,16,4,3
-368,-144,16448,-33,8,-1
-376,-188,16400,-4,5,-24
-456,-20,16392,-9,12,-6
-464,-228,16644,-9,3,1
-484,-144,16356,-10,4,-1
-372,-152,16512,-14,-6,-29
-508,-164,16360,13,-20,16
-428,-100,16384,-39,22,-9
-428,-160,16440,-10,-22,-21
-448,-116,16428,2,-14,7
-364,-136,16348,8,24,19
-432,-128,16456,-6,-18,-3
-408,-164,16280,-10,1,-4
-396,-200,16496,15,-2,-4
-552,-196,16468,6,-36,-13
-516,-64,16336,-14,15,-12
-416,-148,16476,5,-14,-5
-356,-228,16508,0,1,-16
-340,-224,16440,-12,-32,-6
-412,-244,16384,-16,-17,10
-396,-228,16424,-6,-17,9
-460,-216,16360,-39,18,18
-376,-168,16460,-4,15,-14
-436,-180,16380,3,-10,-13
-420,-160,16528,-3,4,-24
-376,-264,16524,-6,6,-7
-500,-164,16428,-21,14,0
-300,-200,16280,5,-5,0
-356,-340,16712,-8,30,6
-384,-184,16344,-3,0,-22
-468,-100,16484,-8,12,19
-388,-92,16516,-25,-9,-8
-368,-188,16448,4,2,-4
-296,-176,16524,-5,-10,18
-388,-172,16596,-3,-11,-1
-312,-92,16468,7,-6,11
-400,-164,16380,-41,13,-15
-392,-104,16484,-21,4,10
-396,-168,16360,12,-5,-3
-392,-176,16412,2,-19,-11
-400,-148,16484,-8,10,-2
-436,-208,16304,-32,-3,0
-280,-188,16344,-5,14,4
-464,-188,16376,0,14,18
-380,-188,16324,17,-13,-6
-440,-232,16268,14,8,-12
-384,-172,16372,-13,-16,-16
-436,-208,16400,-23,4,8
-396,-144,16432,9,22,-17
-376,-252,16432,-15,25,-25
-504,-168,16348,-6,8,-7
-460,-200,16440,0,-14,19
-424,-152,16596,-12,3,-19
-368,-260,16504,-3,-14,-4
-512,-28,16336,2,19,13
-464,-24,16520,-2,15,6
-384,-212,16528,14,-8,25
-392,-316,16424,-2,-1,1
-444,-200,16456,-13,21,-6
-404,-164,16472,-9,-14,20
-436,-132,16532,-6,14,-1
-444,-144,16332,5,-8,-4
-356,-224,16468,-11,18,3
-528,-132,16356,-17,-6,-3
-372,-92,16428,13,2,-2
-396,-144,16380,-15,13,-22
-424,-68,16356,3,-23,12
-280,-168,16532,-2,6,-1
-420,-180,16388,8,-2,-3
-408,-232,16304,10,8,16
-440,-148,16392,-7,-9,3
-492,-140,16436,-4,-44,-6
-472,-148,16444,-5,9,-34
-376,-196,16452,-22,2,-15
-500,-220,16220,29,-22,12
-332,-96,16392,-21,23,-31
-360,-164,16456,8,-14,9
-500,-152,16400,-10,31,-10
-456,-268,16432,-2,-48,26
-412,-220,16448,-3,-2,-4
-468,-140,16528,7,-5,0
-532,-124,16328,-13,4,2
-536,-148,16332,23,-13,3
-556,-132,16304,4,-6,-16
-320,-104,16504,-15,24,4
-388,-112,16440,10,-11,-14
-516,-168,16356,-4,14,-20
-428,-124,16532,-27,4,1
-420,-164,16420,30,7,-5
-384,-104,16360,-4,3,12
-476,-176,16356,-17,-16,8
-492,-184,16544,-2,-25,-20
-508,-136,16360,-2,-4,3
-420,-100,16544,-6,-31,8
-456,-152,16600,4,-12,21
-456,-88,16400,-29,30,14
-472,-96,16360,-15,-10,-5
-356,-144,16448,3,40,6
-392,-208,16356,-4,-27,-38
-296,-324,16380,14,27,-10
-352,-200,16576,-15,-8,-2
-444,-280,16468,-12,21,4
-460,-76,16476,10,-25,-12
-476,-156,16408,-1,-6,8
-368,-140,16476,5,1,-31
-352,-176,16392,-1,-25,-4
-412,-248,16456,-5,-7,20
-404,-88,16636,-1,-21,-10
-452,-204,16468,-12,10,-4
-444,-184,16444,-7,-16,-5
-460,-120,16444,-10,4,9
-368,-140,16372,-18,23,-3
-452,-216,16484,-22,12,-4
-396,-44,16292,-1,9,-3
-428,-88,16256,-20,-3,-12
-460,-148,16316,4,-15,9
-396,-236,16360,1,38,-19
-328,-152,16360,-24,4,-11
-432,-196,16380,-8,-4,32
-396,-124,16420,-2,-12,2
-360,-196,16416,-18,-24,-15
-344,-172,16308,-12,5,28
-432,-172,16380,-18,15,-18
-400,-252,16392,-25,3,1
-360,-136,16332,13,1,5
-384,-164,16500,10,9,1
-420,-144,16284,-24,-1,-5
-420,-136,16416,3,20,-4
-388,-164,16288,8,-10,7
-372,-148,16356,-7,28,-15
-392,-112,16380,1,10,-6
-340,-60,16540,-10,-2,5
-384,-148,16484,-2,1,-8
-496,-96,16544,3,-11,13
-424,-228,16316,-18,9,2
-456,-176,16436,-1,-13,-19
-420,-184,16436,2,10,3
-528,-280,16296,-2,11,-17
-420,-140,16296,16,13,-2
-428,-80,16400,-30,14,-10
-416,-212,16396,-27,5,-8
-400,-164,16376,-4,9,22
-428,-248,16444,-17,-20,-25
-328,-232,16516,10,19,-12
-368,-92,16392,-10,14,-6
-428,-212,16512,19,1,17
-456,-168,16460,6,-15,-13
-476,-212,16312,4,16,8
-440,-100,16368,-4,6,-21
-380,-264,16380,-1,-2,18
-368,-252,16464,-13,22,-2
-436,-168,16468,-6,5,6
-444,-176,16576,-4,17,-14
-488,-152,16260,-2,21,15
-428,-112,16300,-6,-26,3
-380,-152,16404,-25,-2,-10
-416,-76,16464,21,-18,14
-360,-152,16452,17,-9,13
-456,-264,16316,-17,-4,-23
-400,-212,16516,-15,-6,-3
-472,-128,16488,-18,20,-17
-372,-92,16360,-13,2,-5
-436,-212,16300,-3,-3,-4
-476,-200,16272,-23,18,7
-404,-184,16444,9,7,-8
-384,-104,16372,-6,0,9
-380,-188,16356,-6,-2,-6
-428,-120,16368,11,6,-7
-452,-208,16448,-17,4,-11
-356,-120,16512,-5,7,9
-436,-240,16484,-26,-21,-24
-436,-204,16400,-8,17,5
-384,-128,16500,9,-21,-26
-392,-264,16308,6,24,-22
-432,-192,16376,-31,-11,-9
-512,-260,16440,7,18,9
-376,-152,16340,-16,22,-17
-380,-132,16500,8,-10,5
-368,-76,16404,21,4,-32
-404,-72,16296,-3,5,4
-360,-188,16504,1,-11,18
-480,-200,16364,3,-15,-4
-456,0,16444,-17,-6,11
-420,-236,16460,-4,-16,-12
-412,-216,16380,-9,-10,-9
-324,-216,16456,1,11,9
-336,-96,16436,-8,16,-23
-424,-196,16152,-17,3,-1
-436,-232,16416,-10,-2,6
-480,-292,16500,-35,11,11
-504,-164,16416,-6,-26,-36
-464,-124,16456,8,-28,35
-448,-336,16392,-9,0,9
-364,-284,16424,15,-3,-16
-448,-228,16380,3,-8,-1
-400,-120,16480,-25,2,-19
-384,-128,16504,15,16,-6
-408,-176,16476,-27,1,4
-492,-48,16468,-12,-12,13
-396,-144,16452,-1,-19,-8
-392,-164,16584,-23,-4,0
-500,-236,16480,-2,-18,11
-404,-220,16456,15,-11,-1
-528,-240,16468,-39,11,6
-356,-228,16436,3,-14,-5
-432,-188,16460,6,-25,24
-524,-144,16528,-5,-4,-7
-444,-124,16444,10,4,-7
-416,-160,16332,-9,11,-27
-440,-120,16248,0,-42,8
-420,-116,16492,-12,9,15
-312,-212,16528,5,10,6
-352,-184,16420,22,-34,-18
-436,-112,16492,-22,-9,1
-412,-240,16404,9,4,-13
-372,-284,16392,5,5,-25
-388,-152,16344,-13,4,-1
-468,-52,16392,-12,-7,31
-376,-56,16368,-7,-4,-4
-428,-136,16328,-35,-10,10
-408,-132,16432,-10,15,9
-504,-176,16412,2,4,-7
-472,-52,16316,-16,29,5
-352,-152,16488,-12,20,-2
-412,-112,16408,-20,-4,18
-292,-168,16488,-8,-18,16
-532,-116,16460,-10,-7,-27
-412,-192,16504,-6,-13,-27
-404,-132,16536,-14,10,-6
-420,-252,16356,-6,6,-7
-352,-164,16392,0,3,10
-476,-296,16312,-17,-2,-2
-368,-76,16508,-8,-5,2
-472,-40,16576,-7,0,-18
-444,-276,16352,-9,3,-18
-416,-228,16348,0,13,10
-432,-192,16300,12,-16,11
-376,-216,16368,-22,0,3
-388,-216,16468,5,-18,0
-408,-116,16336,-5,3,15
-480,-296,16444,-14,-7,21
-420,-148,16544,-11,-11,-30
-384,-152,16340,-2,13,9
-356,-148,16532,17,20,5
-452,-60,16460,-6,10,-9
-384,-108,16464,23,-21,-5
-460,-164,16440,-13,13,-21
-420,-200,16548,-6,-18,-21
-488,-192,16460,1,11,19
-488,-136,16252,-2,6,-12
-388,-176,16468,-10,20,-13
-324,-88,16484,3,-5,-34
-448,-108,16512,-27,9,12
-460,-64,16520,3,20,-12
-300,-136,16480,-4,-12,-8
-368,-68,16428,-8,0,19
-396,-220,16352,-13,30,-2
-380,-176,16500,-4,-7,-3
-460,-192,16448,-18,-8,-7
-488,-112,16588,-18,5,3
-460,-184,16288,-1,1,-4
-320,-180,16392,10,8,-19
-452,-120,16412,-19,-6,3
-416,-232,16408,-18,31,-14
-400,-224,16484,-19,-9,6
-348,-192,16404,-16,-7,-31
-364,-192,16360,13,17,4
-448,-168,16424,8,-21,-26
-472,-240,16580,3,5,5
-360,-72,16500,-24,0,-12
-472,-236,16340,-21,-5,-33
-360,-212,16384,0,-17,-7
-332,-236,16332,-8,14,5
-324,-220,16284,9,14,-3
-400,-184,16496,4,-27,-24
-320,-284,16468,-17,0,4
-352,-252,16488,7,12,-44
-396,-104,16556,4,-6,-10
-500,-284,16452,-18,30,3
-416,-260,16472,-18,-14,4
-500,-60,16452,-6,2,17
-448,-188,16444,4,7,-10
-420,-108,16488,-8,1,-14
-428,-216,16416,9,-24,-2
-488,-100,16496,-16,17,-18
-272,-296,16448,9,-19,-1
-404,-108,16344,-8,5,-26
-368,-168,16524,-8,17,-6
-448,-180,16448,13,-27,-10
-472,-276,16556,-21,-20,8
-384,-128,16584,2,-8,4
-344,-188,16248,-5,9,21
-432,-120,16528,-12,-2,2
-384,-296,16552,0,2,5
-332,-152,16468,-21,-16,1
-376,-140,16416,8,0,-9
-532,-188,16616,-30,-6,4
-468,-120,16448,10,-1,27
-356,-196,16488,4,-34,9
-440,-156,16344,16,5,-13
-376,-136,16532,5,1,-11
-464,-140,16444,5,-6,-20
-440,-228,16388,-18,-40,-5
-360,-272,16460,-21,20,21
-468,-224,16420,-15,-9,8
-300,-264,16528,-7,-31,-11
-444,-256,16400,20,7,-10
-460,-164,16440,-15,15,10
-356,-100,16360,-2,-5,20
-488,-208,16260,24,-11,12
-404,-180,16480,-3,10,6
-508,-160,16420,-35,28,-3
-404,-120,16548,-18,-11,-29
-416,-100,16472,-62,-13,2
-324,-212,16504,1,13,12
-304,-176,16320,-21,-20,-12
-392,-192,16388,-26,9,-16
-480,-232,16384,-15,-23,-7
-308,-208,16252,10,-9,11
-380,-96,16440,-25,-47,8
-416,-188,16488,5,21,3
-364,-208,16408,-4,18,-8
-392,-112,16496,22,25,1
-428,-180,16380,13,5,-11
-400,-132,16452,21,37,-2
-296,-112,16448,2,22,-25
-420,-148,16416,-2,29,-8
-460,-184,16336,0,30,-39
-312,-128,16396,-1,-29,21
-472,-196,16424,10,-32,-1
-480,-268,16404,-25,-29,-27
-404,-196,16472,-43,-55,12
-456,-68,16344,6,11,4
-468,-148,16448,-6,0,-8
-364,-272,16432,4,7,2
-428,-248,16512,-2,44,-20
-364,-136,16404,11,23,-25
-420,-196,16340,-18,-11,1
-404,-188,16316,-3,-27,-15
-380,-196,16372,-7,-39,-9
-540,-264,16568,-33,-19,15
-452,-204,16552,-13,-7,-6
-428,-124,16368,-8,-20,-12
-456,-244,16424,-9,-4,-18
-404,-160,16388,14,18,9
-420,-200,16368,7,12,2
-456,-204,16392,4,11,21
-560,-124,16324,-7,-13,23
-412,-236,16464,-13,-10,-3
-452,-164,16416,-3,27,18
-400,-144,16460,-11,-6,-26
-444,-136,16264,5,26,3
-400,-224,16404,6,12,-22
-464,-68,16468,15,-4,8
-324,-180,16436,5,-20,6
-300,-216,16388,-2,-7,-9
-548,-132,16380,-25,2,-13
-436,-148,16528,-26,1,-4
-468,-156,16456,-16,-32,-26
-484,-212,16388,-23,14,-3
-344,-76,16336,-11,-39,-8
-544,-128,16380,18,-29,-8
-356,-252,16296,-27,17,19
-420,-180,16460,10,30,0
-456,-56,16380,33,-1,8
-332,-164,16432,-3,15,9
-440,-152,16416,-10,26,-9
-348,-244,16416,8,10,-16
-396,-148,16388,-3,13,5
-440,-200,16424,-15,-35,-9
-468,-120,16460,-7,-8,11
-336,-188,16412,-21,-14,-20
-376,-260,16436,-28,-29,6
-420,-268,16392,-12,-6,13
-348,-116,16324,-39,-11,-21
-464,-140,16452,-22,-17,16
-480,-176,16592,-38,3,-4
-508,-156,16316,3,9,-14
-380,-252,16500,2,7,-6
-476,-124,16464,3,11,19
-384,-168,16388,-34,18,-3
-480,-248,16368,-14,10,0
-420,-204,16492,5,-5,-35
-436,-76,16348,21,1,-6
-380,-200,16448,-5,-45,16
-448,-132,16500,-1,-16,-17
-440,-236,16416,-7,-19,21
-412,-340,16632,-15,11,-3
-412,-112,16484,2,-7,-23
-464,-212,16468,-18,13,-3
-408,-160,16284,28,10,-17
-484,-220,16224,-13,0,-9
-412,-276,16392,-5,7,-12
-432,-196,16468,-27,8,-20
-452,-164,16484,5,4,5
-372,-156,16544,19,-5,11
-516,-164,16456,-3,-19,3
-388,-236,16544,-13,13,-20
-384,-124,16436,-37,-42,3
-436,-220,16520,-17,-10,22
-460,-176,16320,-32,-10,-23
-508,-88,16376,-18,-14,-2
-444,-112,16352,-4,5,0
-476,-180,16384,-15,-6,0
-424,-220,16292,-2,17,-20
-512,-168,16328,-23,-9,-15
-316,-216,16488,-2,-9,-7
-472,-292,16492,-8,3,8
-368,-152,16316,6,-1,-2
-416,-172,16496,-9,1,0
-420,-120,16408,-6,-15,-9
-336,-104,16480,-26,-6,-1
-512,-128,16456,-19,16,-15
-368,-172,16416,-13,-24,-2
-460,-72,16416,5,-17,-7
-412,-220,16424,-15,30,-3
-340,-180,16504,4,3,2
-436,-72,16464,-27,1,-8
-428,-184,16332,-6,27,-16
-488,-184,16464,-3,13,35
-440,-152,16432,21,15,-4
-388,-232,16416,17,13,-22
-464,-204,16236,14,-5,4
-472,-176,16344,7,25,-4
-460,-172,16392,11,10,-6
-512,-232,16376,-25,12,-34
-408,-180,16404,-31,-33,9
-464,-200,16280,7,-18,-7
-532,-176,16464,7,-8,-20
-472,-192,16436,-1,-46,-11
-384,-236,16488,-8,-7,-15
-444,-188,16456,-9,-1,-12
-560,-240,16456,17,3,-11
-500,-124,16312,-24,9,-13
-368,-88,16408,-12,-9,18
-484,-164,16364,-5,10,-17
-448,-60,16452,-27,-3,9
-488,-228,16492,15,0,0
-412,-188,16524,-20,-21,-1
-388,-164,16304,-7,7,-12
-408,-164,16260,-15,4,-10
-460,-212,16612,-16,-39,15
-424,-100,16476,-31,-3,-2
-392,-108,16480,-24,23,10
-540,-96,16576,-1,-9,8
-452,-264,16448,11,-9,-32
-472,-236,16368,-14,19,-19
-380,-120,16304,-16,3,9
-492,-256,16388,21,-18,-14
-464,-136,16284,2,16,-16
-324,-180,16316,-8,-23,-32
-400,-148,16496,-14,-18,0
-452,-208,16556,12,-17,-23
-412,-132,16264,-8,-3,-4
-432,-136,16504,-22,-2,-15
-408,-180,16424,-8,19,-6
-464,-120,16536,-2,0,-3
-416,-160,16496,19,38,-21
-456,-176,16304,20,13,-2
-400,-160,16412,28,37,-12
-404,-164,16476,10,3,8
-420,-184,16456,1,4,-6
-448,-224,16548,-12,-8,2
-344,-180,16324,-22,-15,-16
-416,-220,16384,-19,-23,13
-456,-104,16432,-19,-12,-9
-348,-288,16440,-37,-15,1
-432,-144,16456,-12,-23,23
-404,-212,16364,1,-9,18
-368,-124,16304,14,-15,-21
-460,-204,16500,37,26,4
-368,-112,16448,-20,31,5
-428,-216,16420,25,8,19
-476,-224,16460,4,17,-22
-392,-240,16436,3,21,10
-464,-196,16376,-10,-4,-3
-384,-188,16456,16,34,-15
-436,-188,16380,22,-11,-11
-324,-276,16388,-19,-5,10
-404,-132,16404,-17,-26,1
-372,-208,16312,-15,12,3
-396,-312,16292,-8,-12,-9
-516,-280,16480,-29,9,-6
-460,-108,16440,-4,-3,-2
-372,-180,16444,3,14,-11
-336,-184,16364,-12,-4,-3
-392,-280,16292,-7,35,-15
-480,-128,16536,2,18,39
-320,-240,16520,-29,1,12
-404,-112,16560,-11,6,-13
-464,-152,16384,-10,-12,5
-464,-140,16336,-12,4,13
-368,-196,16420,-5,-23,-18
-320,-228,16372,5,9,-9
-456,-164,16524,-7,27,7
-356,-188,16364,0,-2,-10
-388,-264,16580,13,4,-30
-444,-236,16560,9,-3,19
-436,-156,16420,13,35,5
-340,-120,16424,-3,-8,-15
-416,-260,16540,14,11,5
-456,-228,16448,-30,-20,-3
-412,-172,16428,5,-18,-39
-404,-40,16396,1,-15,14
-444,-312,16468,-32,-14,-24
-384,-172,16560,-25,-29,-21
-428,-212,16492,-13,24,-2
-340,-120,16460,7,17,-5
-444,-180,16332,-17,13,9
-420,-136,16504,-21,11,-9
-328,-160,16412,5,13,2
-436,-200,16400,-3,26,17
-412,-160,16324,2,-3,-5
-304,-128,16488,10,-22,-23
-360,-188,16556,-19,13,-12
-516,-96,16432,-4,-23,2
-404,-188,16468,-22,-16,8
-412,-200,16508,-12,12,6
-448,-256,16256,6,-7,16
-412,-208,16484,-27,-10,-7
-456,-240,16412,12,-31,-30
-360,-168,16312,22,-15,-16
-424,-44,16356,-21,28,-8
-524,-208,16436,-1,16,-1
-460,-276,16340,5,4,5
-368,-172,16356,2,19,-5
-448,-228,16456,9,33,-4
-528,-208,16288,-34,-13,4
-372,-176,16308,-16,-4,7
-344,-100,16424,-20,-29,-12
-452,-296,16464,9,-3,-4
-428,-200,16448,-22,-27,-8
-368,-112,16448,-24,-11,-7
-468,-132,16272,-8,-28,12
-440,-92,16492,-21,-10,-10
-412,-152,16420,-5,12,-24
-492,-168,16440,-3,9,-19
-332,-224,16408,21,18,-1
-404,-220,16404,1,18,-21
-392,-72,16532,-20,-11,8
-460,-112,16460,-7,5,-12
-372,-168,16464,-2,-11,8
-428,-176,16572,0,11,-22
-424,-224,16412,-6,4,41
-332,-124,16488,22,-7,1
-476,-204,16436,-26,-1,-18
-472,-140,16336,3,-1,18
-480,-120,16404,-21,8,-18
-488,-208,16380,-2,21,4
-344,-160,16296,12,4,-23
-444,-112,16456,1,-15,-31
-412,-168,16408,-23,12,4
-456,-104,16452,-4,1,-9
-444,-116,16516,0,-13,-41
-436,-232,16396,-5,1,5
-344,-156,16564,0,-30,14
-456,-208,16312,-8,14,0
-424,-172,16488,-13,-6,0
-412,-140,16512,15,-18,3
-344,-196,16224,-18,7,-9
-464,-188,16436,-5,8,3
-348,-200,16364,-17,-1,-4
-428,-252,16396,1,-16,-10
-464,-184,16380,-25,30,24
-408,-180,16500,-4,5,22
-372,-200,16376,-5,-9,-6
-440,-104,16408,-17,-7,9
-368,-160,16428,11,1,18
-556,-120,16436,-1,-4,0
-500,-176,16500,-34,-12,25
-456,-180,16436,6,-18,-1
-420,-184,16512,-21,22,12
-408,-188,16500,-4,-15,-20
-368,-208,16420,-9,1,-7
-456,-132,16428,-13,14,-10
-444,-100,16452,6,-9,-12
-488,-148,16476,-8,17,-18
-452,-112,16688,2,11,-17
-416,-176,16440,4,18,5
-380,-112,16392,4,-41,-5
-472,-120,16424,-4,-25,-23
-448,-164,16456,-10,-1,-10
-496,-176,16500,-9,13,12
-472,-76,16428,-11,13,-20
-492,-196,16344,-13,8,0
-516,-112,16636,16,-2,9
-452,-72,16416,4,-15,-6
-444,-200,16468,-19,8,-16
-444,-204,16416,-22,-7,-23
-376,-104,16384,-9,-16,-24
-404,-200,16400,-20,-16,24
-484,-64,16392,-15,-3,-1
-420,4,16396,-19,8,3
-428,-212,16468,9,16,26
-472,-176,16440,-24,-7,-1
-424,-200,16392,-14,13,20
-456,-168,16500,-8,-5,-5
-468,-180,16412,-9,7,-4
-424,-176,16428,21,21,-14
-452,-192,16200,12,17,32
-440,-208,16332,5,-23,-31
-476,-284,16460,1,12,-4
-448,-168,16476,-2,35,-5
-496,-288,16416,-12,6,6
-456,-92,16384,-11,10,-14
-404,-212,16412,-3,-9,-3
-476,-272,16528,0,11,-14
-424,-168,16404,3,-12,0
-364,-56,16492,-3,10,5
-496,-180,16416,-3,-2,-2
-492,-88,16388,-8,-4,-23
-420,-140,16412,9,17,10
-560,-176,16360,3,-3,5
-360,-208,16444,2,15,-1
-420,-232,16420,-7,-16,-21
-452,-168,16216,-21,17,-24
-508,-224,16412,-5,-16,14
-444,-232,16420,7,-6,-16
-368,-132,16520,-23,-12,17
-472,-220,16260,-17,-29,-16
-408,-184,16412,-27,6,16
-436,-148,16496,-17,-25,1
-372,-184,16404,0,0,12
-512,-140,16512,-14,-13,-6
-392,-148,16460,5,-2,-27
-420,-232,16372,-1,10,7
-336,-252,16388,-9,8,-18
-420,-172,16392,-11,15,-3
-348,-188,16528,0,-9,-12
-400,-276,16372,-3,-32,10
-396,-124,16496,-15,2,4
-436,-132,16448,-17,8,-11
-448,-276,16404,-29,-13,-18
-368,-180,16400,-27,4,-8
-464,-152,16436,13,-16,-1
-280,-188,16444,-3,5,-15
-468,-188,16388,-4,15,-4
-328,-188,16384,1,25,-20
-428,-172,16376,-2,14,1
-420,-140,16448,20,30,-39
-340,-164,16372,-2,7,-1
-408,-180,16528,17,-40,0
-476,-176,16304,-12,-11,3
-544,-172,16360,-4,-13,12
-460,-52,16528,-41,-13,-19
-436,-200,16532,-15,-5,-7
-468,-196,16444,-3,-35,-23
-352,-236,16332,10,33,21
-444,-180,16400,21,11,20
-484,-128,16416,-26,3,11
-436,-144,16412,13,-6,-17
-400,-96,16328,8,-14,18
-388,-116,16612,-10,-8,-3
-488,-104,16340,18,0,-34
-444,-160,16380,-27,23,3
-372,-96,16440,4,-4,-1
-388,-292,16492,-2,-11,7
-536,-268,16524,0,12,-32
-408,-272,16380,-11,-19,-12
-464,-228,16348,-4,-31,-22
-332,-284,16372,-7,22,-4
-428,-280,16452,-20,1,-21
-340,-168,16380,31,-18,25
-484,-196,16540,-1,12,-11
-352,-292,16484,-49,-8,-27
-388,-228,16488,-18,9,-5
-448,-160,16356,-7,-13,-6
-456,-176,16468,-19,1,-1
-392,-68,16492,2,-24,1
-412,-156,16436,-40,7,-9
-396,-128,16304,-20,3,-18
-472,0,16292,1,14,-1
-436,-176,16440,5,18,-8
-436,-60,16432,19,6,9
-408,-200,16492,-20,5,12
-480,-112,16388,-4,12,-31
-336,-88,16308,5,-11,7
-428,-80,16168,13,21,47
-476,-128,16360,19,-8,-17
-312,-196,16404,-26,1,2
-368,-276,16456,-11,-25,0
-356,-228,16456,-17,9,16
-376,-172,16560,10,-21,-2
-560,-68,16456,-2,-14,19
-420,-216,16304,11,-7,4
-484,-68,16276,1,-9,4
-372,-296,16232,-2,-19,-7
-432,-192,16508,36,-13,-2
-412,-56,16592,-5,34,-5
-440,-112,16464,-3,26,21
-488,-112,16420,9,-10,-14
-440,-100,16408,-7,15,13
-496,-252,16632,-23,-30,-6
-504,-240,16288,-7,2,-1
-340,-144,16324,-5,1,-14
-384,-224,16504,-15,18,-24
-448,-192,16392,-9,6,-12
-420,-208,16476,19,15,-1
-404,-156,16352,-10,-3,-3
-404,-232,16284,-3,-10,-20
-504,-164,16448,2,5,29
-340,-216,16556,-8,12,-6
-416,-256,16552,-9,-11,20
-340,-236,16344,19,21,25
-436,-296,16412,28,6,-14
-420,-224,16388,-16,-5,-2
-396,-164,16540,-2,-19,-7
-476,-188,16348,-13,-16,21
-400,-124,16404,3,-4,-6
-428,-184,16420,2,13,-3
-372,-268,16344,-27,-14,-20
-416,-172,16432,-11,-3,12
-500,-144,16436,12,11,-7
-320,-172,16400,-24,-16,2
-408,-232,16404,24,9,2
-484,-100,16496,0,4,-3
-476,-136,16404,1,-7,-30
-336,-72,16324,1,-2,3
-500,-216,16348,-7,34,10
-392,-124,16516,-4,-6,-10
-404,-276,16352,-12,-5,-16
-424,-244,16336,-7,-22,-7
-456,-212,16464,13,10,-27
-456,-204,16436,-5,-11,-8
-348,-284,16468,20,-10,-16
-408,-144,16416,-4,8,-1
-424,-160,16468,9,21,-5
-328,-260,16484,10,-10,-5
-392,-144,16372,-15,-14,6
-320,-240,16516,34,11,19
-392,-208,16372,9,10,-26
-464,-220,16576,-3,-28,-27
-416,-156,16588,-35,-20,-8
-472,-156,16528,-4,13,4
-420,-100,16300,-43,-2,-16
-416,-228,16440,-3,-27,19
-396,-140,16512,-40,6,5
-452,-196,16328,5,-8,1
-452,-264,16360,-5,-1,-11
-376,-164,16288,6,-4,4
-432,-208,16428,6,-27,-36
-388,-140,16380,-6,-10,13
-412,-188,16484,11,7,-9
-416,-164,16284,-20,9,7
-476,-268,16464,14,7,-37
-348,-160,16412,-36,-2,11
-360,-252,16404,-4,-22,-16
-416,-200,16480,-22,20,1
-468,-248,16396,-9,-17,14
-384,-136,16396,3,-45,-5
-400,-140,16228,-9,1,8
-488,-156,16528,19,2,9
-412,-180,16416,-4,-18,7
-332,-164,16384,-2,-5,-14
-356,-152,16420,-25,-4,8
-464,-188,16448,13,10,-7
-444,-296,16468,-5,9,-3
-528,-132,16456,7,29,-5
-360,-188,16440,5,24,-12
-396,-80,16344,-15,-24,-2
-464,-172,16416,-4,0,-7
-424,-188,16476,9,3,3
-404,-244,16404,-11,9,-3
-400,-240,16424,4,-8,-19
-384,-248,16360,-24,31,31
-472,-80,16508,3,-15,-2
-364,-120,16544,4,2,-15
-460,-196,16392,-9,-2,-11
-388,-156,16420,0,4,-9
-428,-128,16460,-11,-4,22
-320,-196,16512,24,-4,-36
-472,-348,16332,-34,12,-6
-452,-160,16348,20,-21,-20
-408,-256,16516,-13,7,10
-540,-176,16428,-27,32,-6
-528,-184,16472,-4,18,-2
-372,-196,16356,22,-16,-2
-448,-312,16416,-34,-10,8
-460,-132,16388,2,-15,-6
-444,-188,16460,-5,1,-10
-404,-168,16428,-4,36,-11
-396,-124,16404,6,-23,-5
-332,-240,16368,6,6,-23
-324,-196,16512,-7,-6,-16
-420,-144,16424,-21,-13,23
-408,-180,16472,-4,7,-22
-416,-164,16452,19,-12,2
-420,-140,16456,1,-20,-13
-404,-196,16516,-11,4,-15
-456,-188,16420,2,13,-9
-368,-120,16376,8,-8,-11
-412,-176,16348,10,-1,-6
-340,-148,16600,7,-4,-2
-476,-148,16508,15,8,6
-500,-112,16480,7,-4,-17
-400,-256,16464,-2,12,11
-484,-120,16456,-4,1,-37
-384,-176,16492,1,-27,-3
-464,-144,16376,-15,13,-17
-464,-144,16420,-4,-7,-1
-424,-212,16392,3,21,-3
-432,-208,16300,-4,-22,9
-504,-232,16224,-1,-38,13
-384,-156,16440,-36,-17,-15
-440,-192,16412,28,-15,-3
-360,-220,16444,-37,26,-2
-348,-244,16424,0,2,-1
-388,-152,16328,3,7,-18
-504,-136,16420,4,28,1
-352,-192,16336,2,-13,6
-376,-228,16496,-4,18,10
-460,-144,16436,-27,4,-8
-456,-136,16472,-9,7,-23
-348,-200,16240,13,-28,0
-384,-120,16392,3,-11,-5
-436,-80,16600,-2,-22,-12
-292,-40,16404,4,4,-13
-396,-256,16444,4,-1,-21
-424,-152,16392,1,-11,17
-396,-208,16504,18,-11,-2
-376,-148,16316,-1,-12,4
-392,-140,16316,-17,-30,3
-300,-196,16400,-41,-15,-2
-436,-116,16492,8,11,-30
-456,-208,16568,2,-5,-11
-392,-128,16412,-8,4,10
-388,-176,16440,-11,-16,-22
-420,-224,16428,-14,-15,6
-440,-284,16424,-13,0,13
-404,-144,16372,-6,14,-11
-416,-332,16404,1,-20,-7
-400,-104,16388,-5,-5,-25
-328,-96,16284,20,-16,-1
-440,-224,16436,-12,-2,8
-380,-196,16388,-5,16,-7
-392,-164,16444,8,8,5
-404,-100,16436,-7,3,31
-428,-88,16376,-19,-9,-25
-500,-148,16404,-5,-18,-9
-396,-240,16352,-24,-29,-30
-536,-216,16416,-12,10,-3
-368,-136,16292,3,11,-6
-368,-120,16380,-4,9,-21
-508,-112,16496,6,2,3
-472,-148,16328,-7,-11,-22
-392,-104,16412,-8,15,-12
-444,-140,16396,10,17,11
-444,-152,16420,-11,-5,14
-320,-204,16476,-18,13,-12
-424,-144,16468,19,-12,-9
-492,-232,16388,7,10,1
-428,-224,16484,-6,16,8
-428,-164,16392,-3,17,-16
-388,-184,16548,-2,-8,7
-364,-164,16376,-5,9,-12
-340,-112,16476,-10,-4,-17
-436,-184,16396,38,-4,-25
-424,-176,16540,-4,-5,4
-344,-176,16500,-2,-4,8
-508,-100,16580,-20,-24,-26
-372,-152,16468,-13,29,-8
-456,-76,16400,-12,-20,7
-456,-108,16424,-13,-6,-4
-388,-220,16440,-14,-7,10
-412,-216,16404,-14,1,18
-376,-192,16436,-3,-1,-12
-332,-284,16496,-7,15,-13
-460,-116,16412,9,18,-3
-396,-156,16440,-4,0,-4
-360,-188,16408,8,-12,-16
-420,-240,16364,-13,-9,-10
-416,-180,16332,3,10,-1
-532,-48,16444,2,5,20
-464,-268,16328,-7,33,5
-332,-180,16380,7,-25,-1
-484,-188,16424,-23,-16,-36
-432,-44,16412,-3,-17,7
-448,-152,16564,-2,-22,16
-368,-100,16372,14,-1,3
-396,-240,16276,-16,-27,-29
-472,-220,16404,-12,-5,2
-420,-264,16528,2,-3,3
-436,-220,16564,-2,-2,-1
-376,-184,16544,-5,9,-2
-340,-116,16440,-1,16,-9
-336,-112,16232,1,12,-9
-392,-168,16428,26,27,6
-528,-252,16408,-2,2,-18
-432,-68,16440,-2,2,-9
-408,-168,16432,-2,11,-1
-400,-144,16456,-4,25,-11
-308,-84,16372,0,-9,-1
-508,-116,16360,21,7,-13
-456,-148,16412,1,-17,3
-460,-36,16316,10,5,0
-444,-48,16464,-5,4,-17
-392,-172,16420,-25,-33,22
-464,-228,16496,5,11,12
-396,-240,16428,1,-7,-20
-368,-172,16372,2,17,-4
-384,-192,16576,16,12,34
-472,-136,16444,0,-4,3
-420,-200,16428,-8,10,-22
-456,-200,16384,-4,-27,-16
-344,-284,16396,-5,-4,8
-524,-216,16544,10,-1,-2
-336,-144,16352,-19,-20,-2
-508,-112,16444,-16,-22,11
-412,-124,16328,-35,3,7
-456,-144,16348,-9,14,-5
-300,-48,16456,-5,-11,3
-412,-160,16556,7,7,6
-352,-212,16500,8,3,10
-504,-124,16452,0,34,-29
-368,-160,16484,0,-10,-2
-340,-204,16516,-9,14,-19
-420,-228,16456,-26,-13,0
-428,-176,16424,7,4,-6
-436,-212,16416,-2,0,-20
-408,-152,16404,2,-16,4
-412,-220,16640,6,-2,-11
-352,-240,16432,-14,20,-7
-304,-208,16428,-33,-3,-3
-356,-224,16368,11,4,5
-496,-80,16344,-3,23,-4
-412,-144,16276,8,6,-8
-476,-44,16356,-1,-20,-8
-312,-164,16480,-8,33,1
-368,-148,16436,-19,11,4
-392,-140,16420,1,21,3
-464,-196,16464,27,0,3
-408,-240,16404,-9,37,-10
-356,-232,16436,-1,-18,0
-416,-284,16468,1,-10,17
-436,-240,16364,-9,4,-14
-388,-208,16472,7,-3,43
-412,-160,16420,3,-22,-28
-400,-164,16328,-10,-11,9
-456,-140,16436,7,-12,-29
-440,-176,16480,-6,26,-4
-444,-144,16424,4,4,1
-408,-60,16492,-17,-4,16
-368,-160,16484,9,5,10
-460,-216,16492,-4,0,-20
-364,-196,16592,3,2,21
-408,-144,16468,2,-53,-15
-488,-128,16552,-28,6,5
-472,-80,16524,-3,-16,16
-400,-192,16272,-14,2,5
-420,-128,16368,-6,14,5
-460,-232,16320,-27,0,4
-324,-92,16424,3,-1,-1
-400,-232,16328,-14,18,-21
-432,-204,16364,14,6,-15
-420,-176,16472,-9,-11,-30
-276,-160,16436,5,8,5
-428,-164,16444,-20,18,-33
-432,-104,16492,-10,-26,17
-412,-148,16296,3,0,-29
-376,-220,16392,-8,-9,2
-348,-140,16448,-13,17,3
-432,-176,16428,-4,-11,19
-344,-128,16380,1,-9,4
-360,-172,16448,-12,-6,11
-492,-200,16488,3,7,-24
-444,-144,16536,3,23,-3
-504,-192,16368,4,-31,-16
-492,-132,16396,0,-4,-9
-328,-132,16492,-8,10,-18
-436,-232,16292,-8,3,16
-508,12,16500,19,13,-7
-356,-112,16484,-20,3,6
-332,-236,16456,-3,3,15
-404,-164,16328,-5,24,-3
-436,-100,16288,-11,44,-2
-404,-116,16524,8,9,10
-396,-232,16296,-7,-8,14
-444,-200,16516,-11,-10,-4
-424,-172,16412,9,8,-17
-428,-240,16368,-2,13,5
-324,-88,16308,9,-2,-8
-436,-168,16196,-5,-22,-5
-324,-144,16372,-5,21,8
-520,-164,16456,-19,-11,-21
-476,-104,16424,3,17,-24
-476,-136,16440,-17,-22,-18
-408,-104,16440,9,3,-6
-456,-88,16444,8,11,-22
-508,-160,16372,10,7,-4
-344,-32,16460,4,15,11
-400,-144,16432,-1,5,-8
-440,-140,16476,-3,25,20
-328,-100,16644,3,-14,-25
-364,-240,16464,-19,-6,14
-432,-184,16380,-13,16,-12
-396,-192,16296,-36,-10,10
-324,-156,16404,-5,10,28
-380,-184,16524,-21,10,-6
-376,-260,16456,-9,-6,2
-340,-228,16448,-9,-16,7
-496,-240,16380,-7,18,-9
-444,-164,16432,11,-11,7
-396,-140,16396,-22,5,9
-424,-148,16340,-6,-5,-10
-444,-332,16476,15,-26,-13
-400,-264,16464,3,-7,-15
-432,-256,16384,-7,-12,-5
-428,-164,16584,-11,-17,7
-428,-252,16216,0,19,-6
-400,-180,16448,0,14,-3
-336,-144,16384,-28,-9,-22
-452,-192,16492,-5,-28,-6
-448,-180,16320,-30,-3,-14
-388,-172,16440,-8,-3,0
-460,-160,16480,-25,17,1
-504,-232,16460,-17,-1,14
-428,-272,16452,4,8,-6
-296,-216,16344,-3,-36,9
-468,-144,16284,-35,6,-20
-412,-228,16312,-10,9,-3
-400,-92,16524,-18,-34,0
-368,-64,16352,-24,-4,-24
-556,-92,16508,-32,-25,5
-508,-220,16528,9,16,-21
-376,-132,16328,-29,4,20
-468,-220,16508,-4,17,-9
-388,-232,16608,-6,24,-19
-416,-220,16524,-17,12,1
-332,-176,16412,-20,13,-7
-356,-220,16440,-4,-19,-21
-460,-228,16392,0,29,4
-444,-328,16420,-2,-22,14
-392,-172,16412,-18,0,-10
-424,-184,16428,11,1,-16
-412,-184,16252,-37,7,7
-344,-140,16440,-3,-20,-27
-332,-132,16496,-9,8,-10
-408,-268,16364,-7,-33,8
-512,-180,16416,-6,-6,37
-464,-224,16472,-25,1,-15
-360,-164,16424,-2,-26,21
-456,-156,16400,-1,-18,-33
-440,-224,16472,-14,7,9
-356,-172,16236,-26,-5,-38
-436,-200,16528,13,7,10
-352,-92,16532,-15,8,3
-420,-120,16456,-2,-3,21
-488,-132,16496,0,-1,-23
-364,-268,16456,16,7,10
-392,-112,16428,-4,-16,-21
-468,-156,16396,-32,-20,-21
-472,-232,16464,-14,16,-2
-444,-164,16428,-9,12,-16
-376,-184,16452,-2,-16,27
-380,-72,16300,-19,-4,-12
-412,-112,16304,0,-12,-3
-288,-108,16304,1,-3,-19
-436,-132,16408,-4,-19,22
-464,-148,16400,-13,-40,-25
-464,-144,16416,6,-1,3
-420,-116,16432,-7,3,4
-372,-172,16344,-32,-34,10
-560,-188,16396,0,2,10
-300,-156,16316,-12,4,5
-464,-96,16268,5,-2,6
-324,-176,16408,1,-9,-3
-328,-172,16400,-1,-9,-5
-380,-152,16340,-10,-5,-4
-420,-156,16396,1,-3,-23
-428,-248,16520,-17,-11,9
-472,-276,16372,-6,5,1
-408,-140,16396,-18,-10,1
-388,-268,16444,-13,-3,0
-336,-36,16416,11,3,-20
-456,-208,16524,-5,1,-5
-500,-160,16460,5,7,-7
-552,-32,16424,20,1,6
-464,-156,16188,-4,8,-10
-468,-80,16508,9,-34,26
-508,-184,16332,16,-13,-11
-360,-168,16448,12,-5,12
-436,-208,16364,-9,-17,-48
-392,-140,16392,8,6,6
-408,-192,16408,-13,0,-20
-388,-112,16328,-9,2,-2
-408,-204,16560,-11,-5,20
-300,-272,16316,-9,0,19
-488,-204,16456,3,-8,17
-448,-76,16460,-30,1,-22
-488,-84,16456,9,-7,9
-380,-220,16532,8,4,24
-444,-116,16424,-2,16,-47
-360,-228,16384,5,9,-13
-444,-184,16420,-24,-5,7
-408,-212,16392,-16,7,-10
-512,-156,16320,-8,-12,-10
-400,-232,16392,6,5,-17
-456,-144,16608,-44,-7,0
-432,-244,16468,3,-7,-4
-392,-132,16576,-6,-11,-6
-348,-252,16348,-11,-12,11
-360,-240,16312,-4,-7,5
-388,-148,16324,-13,-16,-7
-420,-100,16524,-10,6,-12
-460,-112,16380,-8,-22,3
-428,-104,16484,15,22,1
-432,-152,16396,13,12,-4
-452,-176,16476,-8,37,-1
-432,-216,16404,11,-1,-43
-320,-176,16440,-3,2,2
-412,-204,16252,-11,-15,-9
-424,-140,16556,-33,3,-17
-352,-76,16528,14,-15,4
-460,-168,16344,14,8,4
-436,-76,16464,-1,-3,1
-428,-168,16328,0,-27,17
-396,-220,16452,12,4,5
-384,-120,16500,-29,9,26
-448,-232,16504,2,20,-44
-456,-168,16480,10,5,12
-380,-176,16444,-18,-14,17
-504,-168,16552,3,-11,-1
-388,-156,16296,0,-22,-3
-544,-164,16528,-3,-9,-7
-388,-100,16384,7,32,18
-496,-128,16456,-3,8,-7
-508,-228,16400,-29,27,10
-540,-196,16420,-14,-10,-5
-424,-344,16528,-11,-24,8
-428,-208,16320,-9,4,-6
-476,-240,16448,-2,18,-2
-412,-152,16424,-28,-14,6
-568,-224,16376,-20,-10,-10
-452,-144,16320,15,-23,-6
-408,-88,16408,-9,33,-6
-416,-164,16372,-12,7,-12
-360,-184,16308,-14,13,-3
-484,-140,16420,-16,-9,10
-400,-132,16468,15,-12,5
-520,-128,16476,-11,-8,6
-436,-200,16364,5,3,7
-380,-192,16500,15,-11,5
-516,-152,16596,0,2,-15
-452,-156,16472,1,-6,-7
-420,-164,16428,21,1,8
-476,-172,16408,-8,-12,6
-432,-140,16212,-10,-28,-7
-428,-216,16492,-13,6,-1
-416,-260,16344,-29,-46,-6
-460,-116,16328,-3,0,-24
-488,-48,16516,-5,-17,11
-336,-216,16296,-5,18,2
-500,-104,16248,-15,-1,-2
-416,-64,16456,-13,6,-14
-400,-208,16468,7,-12,-7
-420,-148,16544,-7,10,-12
-384,-192,16416,2,2,-15
-384,-128,16400,-32,-12,5
-400,-184,16456,27,56,-14
-464,-192,16456,14,-18,-18
-388,-136,16392,-12,5,-16
-436,-172,16520,-2,-12,-21
-456,-136,16520,-3,-20,20
-408,-156,16480,-12,22,-14
-384,-252,16384,-16,16,7
-352,-236,16388,-4,0,-1
-292,-160,16412,-1,-6,1
-460,-188,16340,-22,-2,16
-388,-252,16472,-28,5,-1
-368,-148,16344,-7,-7,-17
-380,-132,16500,-8,-10,13
-276,-252,16596,-18,-21,7
-380,-252,16392,-11,-9,5
-364,-160,16500,-6,1,4
-448,-196,16452,-10,17,-7
-392,-212,16368,-20,22,7
-504,-136,16528,-18,15,11
-432,-252,16396,8,7,-12
-456,-236,16304,-9,8,-35
-476,-148,16400,-13,-3,-17
-516,-136,16304,-32,10,-2
-340,-156,16508,0,-23,0
-360,-48,16256,21,-4,-9
-436,-180,16448,-8,0,-6
-444,-144,16328,3,0,-2
-384,-116,16388,-13,12,3
-492,-208,16468,-28,-6,-19
-420,-232,16556,-5,-5,-5
-376,-216,16464,1,5,-6
-420,-220,16284,8,-15,-24
-316,-168,16460,-14,16,-23
-460,-272,16276,18,8,0
-500,-284,16316,-1,-18,2
-388,-120,16428,-22,7,-16
-400,-224,16264,-2,-6,0
-392,-264,16520,-5,20,-22
-404,-156,16460,-11,-12,-26
-336,-184,16404,12,10,-11
-500,-160,16524,-24,-8,-26
-348,-208,16580,1,0,-7
-436,-184,16404,6,-2,-34
-428,-152,16376,-24,-5,0
-344,-152,16428,-21,11,9
-388,-228,16356,-4,-14,-22
-412,-208,16372,-7,6,-10
-424,-152,16392,6,-16,5
-524,-252,16528,0,5,-9
-368,-188,16432,9,6,11
-464,-184,16524,17,-9,-15
-444,-144,16520,-10,1,2
-368,-196,16260,-12,-10,35
-416,-176,16396,-5,3,-8
-456,-164,16404,-3,-8,-3
-440,-164,16464,-2,-7,-2
-512,-176,16396,-30,-18,-16
-428,-204,16368,18,-2,-22
-400,-108,16472,-6,-35,-9
-420,-112,16448,-23,1,20
-468,-192,16392,11,-8,-18
-428,-140,16344,-6,5,-7
-464,-144,16352,0,-10,-2
-440,-92,16500,3,-27,-4
-432,-168,16484,10,-10,-8
-316,-108,16352,-10,-13,-6
-416,-220,16356,-27,-15,-29
-508,-224,16428,1,-5,1
-352,-212,16372,3,-18,-31
-412,-144,16568,-5,4,-6
-288,-164,16380,-12,-25,-36
-544,-144,16408,-9,-13,1
-376,-116,16352,-15,23,9
-492,-168,16324,21,1,5
-392,-228,16284,-22,-8,-29
-516,-176,16392,18,13,1
-428,-80,16420,-13,-23,-9
-364,-316,16464,-7,10,6
-452,-188,16312,7,12,-4
-456,-148,16400,-13,-3,9
-464,-272,16424,1,4,-27
-392,-144,16408,-9,13,10
-404,-68,16424,-8,-8,-9
-360,-184,16212,1,15,-2
-428,-132,16364,-17,3,20
-472,-184,16308,-8,15,-14
-400,-152,16476,0,4,-13
-420,-68,16544,18,5,-1
-368,-128,16356,-17,32,-12
-420,-184,16360,12,-22,4
-420,-180,16428,-4,1,2
-348,-60,16448,-23,-14,-2
-352,-124,16388,-38,-16,8
-416,-252,16396,-34,13,-14
-408,-220,16376,3,-2,17
-372,-180,16388,-14,-6,-2
-508,-152,16372,5,-21,35
-452,-120,16428,-11,-8,6
-360,-156,16468,5,-3,1
-360,-232,16472,9,-5,3
-408,-208,16468,-24,37,0
-452,-184,16220,2,23,3
-476,-124,16452,1,18,-46
-432,-240,16476,15,-23,-9
-344,-48,16512,8,10,-16
-500,-192,16460,-10,-22,17
-396,-248,16484,5,-12,-36
-252,-240,16432,-7,8,-20
-420,-48,16356,-29,16,1
-336,-196,16292,-10,17,10
-392,-168,16456,-37,-11,5
-424,-144,16460,8,11,-12
-492,-144,16532,2,-11,-2
-384,-312,16432,-19,-3,-10
-448,-92,16544,-3,6,-13
-476,-224,16328,-8,-26,-14
-500,-296,16340,-9,-21,5
-412,-228,16380,-13,6,8
-376,-180,16556,7,-33,20
-304,-120,16424,-7,-26,-8
-488,-184,16348,-23,-21,10
-412,-208,16416,3,17,8
-348,-204,16472,-3,-5,-17
-368,-236,16332,9,-8,39
-428,-252,16504,-6,11,-5
-420,-228,16416,16,4,-2
-440,-264,16356,-36,-3,3
-328,-180,16448,-7,-4,7
-428,-100,16324,-3,27,-8
-488,-76,16436,9,6,15
-544,-100,16452,-13,-25,-31
-436,-220,16432,-23,-8,-16
-332,-164,16448,33,-7,-7
-432,-196,16460,-6,-29,-13
-464,-120,16500,-17,5,-25
-500,-168,16460,-11,7,0
-612,-240,16468,18,-8,-16
-472,-88,16416,-2,1,-16
-384,-176,16420,7,-3,3
-456,-184,16556,-11,1,4
-384,-180,16440,-24,-10,-3
-412,-224,16488,3,0,-8
-472,-152,16372,-5,26,-16
-428,-88,16568,-15,-27,-23
-496,-220,16380,2,36,-2
-456,-232,16456,16,-5,10
-448,-136,16424,-51,9,2
-448,-212,16416,2,-20,-11
-416,-208,16416,8,-17,-15
-512,-112,16368,-8,14,-5
-436,-108,16464,-4,8,10
-384,-272,16628,2,-6,-29
-492,-176,16560,-18,7,8
-472,-176,16344,-13,6,1
-376,-124,16476,15,7,-5
-420,-24,16464,12,-8,10
-368,-248,16380,-8,8,-2
-404,-176,16484,-20,1,23
-388,-184,16492,-9,3,-13
-412,-152,16424,-13,-1,17
-408,-264,16564,-3,-25,-2
-408,-196,16392,-26,-4,-23
-436,-172,16472,-1,-24,0
-492,-108,16420,8,19,-1
-428,-52,16340,4,-2,5
-336,-220,16444,-6,11,19
-540,-276,16452,-7,-35,-2
-428,-224,16540,-4,-1,16
-340,-316,16536,-18,-12,-23
-476,-212,16404,-6,9,6
-476,-196,16388,-7,-23,1
-476,-76,16484,20,43,15
-364,-116,16552,11,0,-7
-436,-88,16304,0,-9,4
-548,-252,16592,-4,19,15
-460,-260,16420,-3,7,-5
-460,-220,16408,-10,-22,3
-380,-172,16456,11,14,-28
-460,-204,16508,16,5,31
-448,-232,16344,-28,-6,3
-340,-240,16328,17,4,-30
-472,-220,16412,-11,13,-8
-336,-176,16496,-9,12,-13
-408,-216,16272,-9,-11,-20
-404,-216,16508,6,-18,15
-412,-228,16404,0,-21,-10
-412,-244,16376,4,-14,12
-436,-112,16368,-25,-40,-9
-448,-220,16452,-8,6,4
-576,-108,16320,-12,-9,4
-480,-112,16456,-9,-19,-10
-436,-88,16428,22,-4,-21
-492,-144,16392,-18,-2,0
-392,-144,16404,15,-16,-1
-404,-148,16304,2,-9,27
-352,-108,16388,-8,30,-11
-412,-144,16372,-21,-16,-5
-472,-184,16440,5,36,-11
-428,-216,16452,-10,9,-15
-388,-172,16404,-1,-22,-31
-412,-144,16452,0,16,5
-408,-216,16476,-39,15,3
-324,-200,16492,-6,-21,9
-388,-184,16528,9,-3,-1
-340,-184,16436,-10,-15,24
-352,-200,16336,-9,0,-8
-412,-240,16440,1,-15,3
-368,-216,16328,-5,16,-17
-408,-200,16424,-15,9,27
-444,-192,16372,1,-12,-16
-408,-196,16472,-13,4,14
-392,-144,16392,-2,15,-9
-428,-128,16376,-17,-26,-1
-444,-76,16388,-10,1,9
-560,-204,16412,-31,18,-1
-500,-152,16412,5,-9,-4
-352,-224,16396,16,-9,2
-476,-296,16532,-6,31,8
-476,-152,16424,10,-11,11
-508,-148,16384,-1,36,-16
-392,-220,16456,24,0,13
-436,-80,16404,-7,-27,3
-504,-208,16496,-15,-2,12
-468,-184,16408,2,-8,-37
-572,-128,16328,-12,5,8
-464,-108,16612,-10,2,0
-396,-280,16456,-26,-27,4
-440,-156,16456,-34,-25,10
-484,-144,16556,-15,8,-3
-384,-164,16480,18,-34,2
-444,-232,16364,1,-6,-23
-380,-140,16384,-15,26,1
-388,-284,16364,12,10,10
-300,-160,16440,-14,18,13
-460,-164,16328,0,-9,0
-464,-196,16372,-18,1,-27
-364,-120,16340,4,7,7
-404,-220,16356,-35,-11,-8
-436,-232,16416,-1,-14,-2
-480,-216,16360,4,-1,9
-432,-4,16380,-11,-6,-30
-424,-180,16476,5,7,2
-320,-104,16284,-6,-9,-19
-484,-336,16404,-5,5,-12
-368,-212,16416,-25,-9,4
-348,-232,16416,-25,-17,8
-364,-136,16388,-16,-9,-22
-464,-216,16448,5,25,-21
-440,-112,16344,-9,9,3
-420,-112,16332,0,17,-11
-472,-168,16408,-14,4,-10
-400,-148,16472,24,-2,-22
-352,-152,16480,0,-11,-13
-404,-120,16448,-5,-22,-10
-388,-284,16444,16,9,-27
-404,-204,16436,9,25,20
-396,-168,16424,18,9,-1
-432,-152,16360,-6,-6,5
-380,-176,16352,1,-1,25
-508,-196,16420,-10,3,-4
-432,-216,16324,-5,-13,-27
-324,-224,16208,-14,-18,-1
-464,-104,16444,-8,6,5
-412,-156,16440,-6,21,8
-432,-228,16456,-5,-20,-29
-432,-192,16484,3,2,-8
-384,-156,16368,-22,24,-8
-540,-152,16380,3,-14,-9
-444,-220,16440,-6,-24,-15
-372,-184,16368,0,-5,9
-316,-184,16268,9,-2,-15
-460,-104,16424,-15,-2,17
-372,-152,16536,-3,-8,7
-420,-120,16576,10,-5,7
-400,-196,16504,-11,19,-16
-424,-164,16456,-18,6,-9
-352,-56,16328,-8,3,7
-428,-136,16508,11,-21,0
-488,-268,16500,7,34,29
-392,-140,16532,-12,-5,-7
-452,-236,16444,-25,-7,-1
-436,-240,16532,-3,-4,-4
-348,-156,16456,-7,24,2
-416,-228,16484,-2,-24,-37
-380,-132,16368,-24,-48,-1
-440,-120,16444,-15,5,-6
-256,-184,16340,-7,5,0
-416,-244,16396,13,-2,-14
-444,-232,16436,-8,4,6
-344,-256,16420,-14,10,-12
-392,-164,16464,23,-2,-8
-340,-160,16524,-7,31,18
-532,-180,16424,13,-41,0
-464,-112,16480,2,-22,-1
-408,-240,16364,-7,-21,5
-388,-240,16424,-26,-31,8
-472,-176,16360,-18,-24,-21
-576,-116,16252,13,2,-3
-280,-152,16348,16,-4,-21
-516,-224,16432,-4,8,0
-400,-188,16408,-9,6,-5
-344,-232,16440,26,7,-12
-364,-172,16424,4,-18,0
-448,-204,16512,4,38,10
-512,-168,16348,-12,12,-14
-344,-188,16436,-23,4,7
-444,-132,16284,-3,12,5
-448,-204,16448,-1,1,12
-636,-220,16312,-6,4,-11
-464,-104,16304,-14,-7,-10
-440,-152,16340,10,-16,-26
-416,-92,16416,-27,-8,11
-364,-200,16484,-2,-16,-1
-404,-144,16464,-16,16,-2
-400,-160,16444,-7,6,-5
-336,-136,16436,-7,-17,19
-520,-104,16376,-14,-7,6
-432,-232,16392,22,33,18
-392,-176,16476,13,-26,-6
-428,-164,16520,10,-4,13
-444,-224,16468,1,8,15
-400,-236,16564,-8,-6,3
-472,-200,16348,-13,24,-5
-480,-228,16536,-32,-25,9
-456,-208,16340,17,13,-24
-472,-84,16484,4,20,-1
-464,-100,16556,-40,-24,28
-428,-32,16408,-13,6,-17
-376,-152,16388,-20,15,1
-412,-180,16340,-7,-9,-7
-428,-120,16420,-4,-5,-4
-460,-176,16392,-13,-15,-4
-432,-224,16368,-4,-8,12
-336,-280,16364,-2,-3,0
-388,-224,16400,-2,4,0
-456,-220,16364,-29,-10,-21
-448,-100,16452,-23,16,4
-336,-224,16444,3,20,10
-384,-168,16392,-10,-28,3
-304,-196,16368,0,-8,10
-436,-168,16416,-30,-2,0
-404,-188,16424,-20,6,-26
-500,-220,16348,-3,29,-5
-516,-164,16392,-15,10,-2
-472,-240,16424,-19,7,-17
-284,-220,16428,41,-6,19
-392,-124,16448,-14,11,-26
-384,-108,16384,2,-12,3
-436,-136,16432,11,-44,11
-392,-260,16460,-12,12,4
-452,-224,16524,-21,1,-15
-416,-292,16532,-8,-23,6
-424,-116,16356,-3,-24,-7
-436,-76,16372,-36,42,-23
-556,-96,16264,1,21,27
-404,-264,16384,4,8,1
-484,-264,16280,-9,30,-21
-488,-164,16396,1,-6,-19
-456,-256,16352,-2,4,10
-436,-172,16424,11,1,-9
-392,-192,16440,-22,18,-7
-372,-192,16364,-8,8,5
-468,-144,16272,-21,-6,6
-572,-144,16416,-8,14,-21
-428,-236,16460,-8,-19,18
-496,-188,16472,-11,12,-8
-292,-244,16344,4,-7,3
-380,-92,16372,-6,19,-7
-364,-188,16404,4,20,20
-464,-76,16540,-14,-7,11
-436,-152,16448,-1,8,-8
-444,-124,16228,-5,-8,6
-448,-192,16304,-6,20,8
-352,-156,16332,0,-15,11
-448,-248,16496,21,9,0
-412,-168,16392,-27,-2,19
-384,-184,16348,8,-24,-18
-444,-268,16368,9,5,9
-480,-236,16352,-1,-6,0
-352,-268,16284,-22,16,-29
-384,-184,16480,-1,10,-4
-384,-144,16432,-10,-22,10
-540,-256,16576,-5,-12,7
-408,-200,16388,-26,23,9
-492,-164,16352,-19,-8,-34
-480,-232,16324,-25,-19,-20
-364,-160,16236,4,-23,-18
-508,-156,16372,1,-3,-5
-412,-212,16552,-27,-14,-4
-416,-228,16288,-7,5,-25
-460,-152,16416,-14,-40,6
-416,-216,16356,-1,-23,0
-384,-112,16296,-17,7,11
-428,-144,16576,12,-33,-1
-448,-100,16448,-1,-6,10
-408,-120,16408,-5,-6,-10
-280,-156,16324,-3,-23,0
-336,-240,16364,-42,3,10
-504,-308,16448,12,-11,-13
-564,-140,16424,-31,5,12
-376,-176,16496,4,-6,11
-272,-132,16608,13,-24,5
-376,-88,16416,-5,16,-20
-420,-56,16524,10,3,-20
-392,-140,16520,4,9,-1
-368,-184,16352,-18,-2,-9
-448,-168,16524,7,-3,0
-456,-68,16392,12,-7,8
-408,-104,16392,-2,-5,-8
-436,-256,16448,0,-4,-4
-424,-172,16460,-13,10,-10
-376,-136,16400,-16,-5,-35
-540,-216,16448,1,-14,-10
-380,-132,16540,16,-14,1
-380,-156,16544,-16,12,-8
-488,-180,16224,-11,11,8
-500,-272,16512,-23,-6,-20
-356,-128,16520,9,-11,-9
-376,-228,16284,0,9,-16
-364,-196,16424,-39,20,-8
-424,-212,16412,-17,-10,-20
-420,-204,16432,-6,0,0
-332,-40,16456,-20,-21,12
-524,-180,16292,0,-1,-4
-440,-100,16332,-23,-22,-27
-424,-240,16444,13,11,-1
-488,-176,16476,-12,-17,6
-480,-164,16372,11,27,-10
-436,-248,16364,-7,26,26
-372,-76,16484,-17,7,-4
-432,-192,16244,22,22,9
-292,-168,16536,2,-5,-22
-480,-172,16500,-6,13,12
-472,-220,16460,-14,28,28
-392,-184,16468,-16,12,14
-380,-196,16456,-13,-6,6
-368,-140,16348,-8,21,5
-388,-212,16600,15,-24,11
-400,-164,16612,-10,-12,5
-516,-244,16396,-9,22,-4
-452,-220,16484,-19,-8,25
-488,-248,16356,-8,-3,11
-500,-152,16308,-6,2,-16
-404,-168,16400,-24,-2,-23
-476,-140,16424,-15,20,-27
-496,-220,16656,2,-8,15
-428,-192,16476,6,-34,-5
-448,-96,16448,-34,-17,-16
-492,-140,16464,15,32,10
-408,-116,16280,9,-28,-16
-436,-144,16580,-10,-20,-6
-472,-240,16436,0,-1,9
-400,-92,16380,-14,-1,-42
-444,-144,16332,0,-3,-15
-456,-224,16460,-24,13,-11
-524,-112,16576,32,13,-11
-376,-312,16456,-8,-14,2
-448,-288,16480,-26,-3,-11
-364,-204,16484,-19,-2,-7
-368,-152,16408,-8,6,-1
-428,-176,16408,-6,30,-1
-460,-220,16456,-10,3,-11
-424,-140,16384,10,-14,4
-312,-192,16336,-4,1,-15
-432,-172,16448,-17,-39,4
-480,-120,16468,-6,1,-7
-432,-176,16460,-13,9,12
-468,-208,16348,10,-9,-13
-348,-172,16368,12,18,-4
-336,-220,16476,-13,16,8
-392,-188,16432,-15,-29,11
-432,-148,16596,7,36,-9
-488,-168,16376,-3,32,-2
-412,-152,16464,5,5,5
-504,-196,16432,-4,-3,-21
-348,-216,16412,7,9,-10
-380,-176,16576,11,12,8
-416,-204,16408,-47,-15,-24
-400,-208,16524,2,-12,1
-436,-144,16424,6,15,8
-452,-180,16468,-4,-8,-19
-416,-220,16280,-33,18,13
-432,-68,16404,0,13,9
-488,-140,16480,22,-24,-4
-432,-188,16360,17,18,-4
-432,-192,16452,0,22,-28
-420,-240,16552,-15,-5,-4
-428,-156,16328,14,-20,-16
-464,-136,16492,-3,-11,-17
-344,-200,16456,-10,10,-2
-404,-220,16576,-1,-3,6
-468,-144,16336,-11,-14,-11
-436,-208,16372,5,5,-34
-368,-324,16340,-15,-5,1
-436,-176,16348,12,9,-5
-460,-204,16540,5,-5,-22
-392,-180,16508,-18,-6,-7
-400,-148,16400,16,7,4
-444,-188,16472,-4,-17,-11
-372,-192,16384,5,-5,4
-444,-204,16320,-19,-15,-2
-464,-196,16428,1,-4,11
-432,-120,16380,-33,-15,4
-428,-216,16420,30,-7,2
-516,-188,16408,-27,-4,-8
-460,-104,16456,1,28,6
-360,-56,16340,-4,-3,8
-408,-188,16464,-21,-2,-8
-432,-204,16372,4,12,-9
-484,-180,16408,17,-11,-6
-440,-136,16424,1,-11,11
-464,-124,16416,-3,4,-15
-460,-136,16432,0,-4,-22
-420,-116,16420,-8,-17,-12
-480,-164,16420,-12,12,14
-484,-124,16476,-8,-33,-12
-508,-232,16392,-27,-11,-13
-300,-136,16284,-18,-17,19
-476,-176,16544,18,7,9
-488,-204,16520,11,-10,4
-488,-212,16556,10,16,-16
-340,-132,16520,-20,5,-3
-364,-196,16448,-23,0,10
-444,-116,16584,21,44,-13
-404,-112,16508,-1,-4,-21
-476,-168,16608,-27,-12,-3
-480,-168,16420,0,0,-8
-492,-172,16540,-8,-10,6
-480,-204,16632,-19,2,21
-480,-240,16392,-20,12,-24
-444,-180,16328,-1,-22,-3
-404,-164,16388,-8,11,7
-472,-160,16436,-3,8,11
-388,-124,16360,8,28,17
-440,-180,16396,-4,17,-3
-376,-152,16384,0,7,-18
-300,-148,16488,19,6,-9
-324,-156,16400,-3,2,31
-428,-164,16480,-12,-3,2
-456,-80,16348,-14,8,-6
-444,-256,16448,-5,-3,6
-384,-156,16440,-10,-33,-7
-376,-60,16552,-22,-18,-8
-316,-188,16460,-6,-5,-7
-516,-56,16480,-14,-2,17
-376,-148,16552,-4,9,-2
-472,-212,16436,11,14,4
-488,-152,16540,4,28,9
-428,-132,16292,-17,-19,4
-368,-148,16372,-6,15,7
-404,-212,16468,8,-18,-11
-376,-184,16332,-7,-7,13
-440,-184,16460,-16,4,6
-352,-176,16388,2,-15,9
-412,-232,16568,-1,-33,-3
-436,-180,16232,-8,19,-10
-416,-124,16584,0,-10,-24
-416,-40,16408,-19,-4,-6
-436,-144,16356,8,-18,-7
-472,-128,16528,3,-31,-2
-412,-184,16472,12,24,-10
-412,-280,16408,-10,-5,-24
-444,-108,16384,-18,18,26
-448,-176,16468,-3,-4,15
-436,-148,16500,-2,15,2
-436,-140,16388,-8,-23,1
-428,-132,16532,-7,-26,-2
-368,-156,16504,-16,2,15
-424,-140,16472,11,-1,-10
-344,-156,16300,-21,-11,-19
-304,-132,16492,-24,14,3
-380,-112,16440,-20,-13,-18
-456,-176,16416,21,-24,-23
-416,-144,16360,1,9,-11
-308,-136,16232,-22,4,-5
-440,-112,16492,-4,10,-2
-444,-184,16272,-2,-8,19
-380,-132,16480,-24,0,6
-400,-116,16340,18,-18,-12
-404,-176,16296,-21,-8,-17
-464,-240,16336,8,18,-5
-392,-148,16424,-14,16,-9
-500,-268,16524,-3,-7,-4
-436,-232,16452,-1,-16,-17
-468,-184,16484,-5,5,2
-412,-144,16384,-5,16,-7
-468,-184,16460,1,32,16
-412,-160,16524,1,-9,10
-372,-220,16400,-1,3,-17
-444,-176,16372,-28,-21,2
-416,-188,16504,11,-14,-8
-496,-120,16360,-25,-5,0
-396,-148,16352,9,-14,5
-384,-164,16564,-30,-8,-42
-428,-240,16508,-6,32,-9
-440,-172,16544,-7,-12,-12
-404,-228,16492,29,8,1
-416,-92,16444,-13,-33,-2
-448,-196,16464,-25,12,-12
-424,-152,16504,16,29,-20
-372,-188,16300,-28,-7,-19
-444,-176,16472,26,0,-1
-416,-172,16356,2,4,9
-408,-240,16464,-2,-5,2
-424,-164,16460,0,-17,7
-308,-192,16444,1,-9,-5
-384,-192,16288,-1,-25,-14
-448,-204,16404,4,13,34
-456,-252,16456,-19,-6,-4
-496,-268,16564,-8,18,-2
-468,-188,16468,0,-3,2
-516,-288,16284,-8,-9,1
-428,-88,16428,6,2,3
-444,-88,16416,-9,-30,-1
-392,-164,16336,18,24,-19
-412,-168,16384,-1,3,11
-420,-84,16388,6,3,3
-420,-268,16224,10,6,-9
-364,-128,16328,-9,29,-12
-488,-40,16480,5,-3,-35
-364,-172,16472,20,13,19
-360,-132,16348,-22,-3,-20
-340,-160,16424,-5,3,-14
-404,-264,16508,-20,-4,-28
-444,-232,16352,-22,29,-19
-496,-104,16292,2,-4,-8
-336,-152,16644,-25,9,-21
-356,-296,16396,-7,4,17
-492,-236,16272,1,-7,14
-352,-216,16232,-15,-8,10
-436,-212,16428,-17,-10,-14
-404,-160,16276,-22,32,6
-456,-132,16352,1,-7,1
-404,-232,16392,15,0,-14
-396,-168,16400,-3,-15,-12
-340,-144,16404,4,9,-33
-396,-136,16444,-2,3,2
-448,-164,16380,9,7,1
-356,-228,16432,-27,-24,-3
-384,-248,16488,9,-14,-12
-400,-224,16436,-18,-11,-29
-488,-56,16368,-28,-14,14
-420,-112,16392,-13,-34,-4
-416,-72,16544,-14,4,0
-436,-156,16424,-4,-3,-24
-312,-112,16296,-6,-18,-8
-428,-184,16464,-4,11,4
-504,-96,16320,-2,28,-8
-488,-124,16460,7,27,6
-380,-276,16600,-43,4,2
-340,-136,16416,-6,5,-8
-388,-204,16436,-16,23,-3
-404,-176,16480,17,-15,-11
-504,-216,16364,19,43,10
-376,-180,16396,-11,-30,0
-500,-220,16408,-45,5,6
-488,-156,16484,15,5,-14
-368,-136,16372,-12,-7,19
-420,-172,16424,12,21,-10
-472,-248,16408,-11,10,-14
-452,-68,16284,6,-5,-12
-388,-164,16416,11,20,9
-380,-160,16448,-21,11,5
-396,-144,16412,-17,13,-17
-464,-216,16556,-2,-9,13
-480,-200,16340,-34,3,11
-380,-104,16512,-5,2,-7
-312,-168,16352,-5,5,-26
-356,-212,16440,1,13,-20
-356,-240,16356,-5,5,8
-420,-144,16392,-14,4,2
-400,-192,16608,-4,3,3
-492,-220,16480,3,-7,1
-404,-232,16412,-19,-14,-24
-428,-136,16412,-13,11,12
-380,-232,16456,9,9,-31
-456,-224,16336,-42,-16,5
-376,-96,16492,-6,9,-21
-436,-76,16432,15,4,11
-352,-128,16396,12,-13,5
-464,-100,16456,-14,27,2
-392,-96,16504,27,-20,-7
-380,-148,16616,-24,4,-1
-376,-228,16388,2,-9,9
-412,-148,16464,0,-8,-15
-316,-164,16340,-27,7,-18
-464,-164,16276,14,-9,0
-412,-264,16412,16,-31,-2
-468,-40,16436,8,-4,-9
-392,-164,16312,21,0,-3
-296,-200,16344,-25,-15,-11
-352,-136,16376,5,1,17
-352,-124,16368,-23,-38,2
-464,-144,16428,-2,-25,-2
-464,-208,16448,-19,5,-1
-520,-104,16464,11,23,13
-364,-168,16468,-10,-7,-18
-420,-184,16428,-7,8,-3
-384,-212,16420,-14,-5,2
-412,-152,16428,6,7,13
-520,-140,16308,-5,4,-13
-392,-288,16452,34,-17,0
-440,-136,16520,30,27,-11
-488,-144,16364,-21,-5,-6
-372,-220,16436,-7,43,10
-520,-84,16356,-4,-8,13
-324,-156,16472,9,-7,16
-332,-152,16524,9,5,-12
-344,-92,16520,-3,-9,-10
-452,-244,16272,-19,-68,-3
-496,-200,16452,-9,-5,12
-420,-44,16324,-20,38,-38
-472,-208,16460,-29,-12,9
-432,-168,16408,10,28,12
-404,-240,16328,-8,7,-21
-400,-212,16208,-7,-5,-18
-392,-148,16372,8,-3,-26
-500,-140,16408,-6,10,-4
-416,-240,16408,-28,-13,1
-424,-224,16456,0,-16,18
-268,-216,16448,-1,-16,-14
-308,-44,16384,-17,21,5
-396,-192,16424,-7,1,4
-428,-188,16504,4,-1,-11
-516,-188,16396,-12,-29,7
-428,-284,16348,12,19,5
-432,-220,16356,-4,-5,-17
-572,-184,16524,-5,-18,-9
-468,-208,16404,10,4,-25
-444,-108,16440,-9,-17,6
-496,-324,16484,-14,0,-6
-508,-200,16468,7,-10,-8
-452,-268,16380,-17,-3,-13
-400,-276,16464,5,20,-21
-360,-112,16324,-20,11,9
-380,-120,16448,-8,-8,-22
-360,-232,16508,-6,2,11
-516,-208,16484,-19,26,-5
-388,-148,16384,-9,9,-5
-352,-172,16464,-23,-14,-4
-412,-268,16460,-2,12,11
-392,-200,16580,-10,11,-13
-412,-244,16476,-3,-7,6
-376,-160,16464,-8,-11,23
-428,-132,16400,10,-17,9
-436,-264,16276,-10,33,-15
-376,-196,16468,9,-5,-6
-456,-280,16508,1,9,9
-488,-108,16596,-12,-3,1
-396,-136,16484,-22,-24,-8
-504,-112,16544,-16,20,-7
-480,-88,16484,-2,-10,2
-428,-64,16460,-22,-13,-16
-484,-92,16380,1,8,-26
-348,-188,16596,-17,4,-9
-444,-92,16472,5,-1,6
-440,-40,16336,-11,5,19
-372,-164,16340,-19,-4,-13
-380,-220,16448,-15,1,3
-456,-132,16560,2,-10,10
-456,-48,16564,13,15,-8
-380,-44,16404,-1,-9,3
-380,-192,16340,23,-20,7
-444,-116,16460,-8,37,-15
-436,-164,16336,-14,-9,5
-460,-132,16392,4,14,12
-436,-108,16372,-27,-15,-19
-480,-236,16516,-15,10,-17
-476,-148,16236,3,24,-14
-412,-144,16508,-5,1,-8
-368,-176,16608,-1,0,-5
-464,-104,16556,-23,23,-7
-316,-232,16452,-5,24,10
-372,-192,16508,-24,10,-13
-484,-200,16200,-8,-13,3
-456,-232,16412,6,4,-20
-404,-144,16348,-8,16,-29
-400,-176,16584,11,-30,-6
-400,-152,16532,-33,10,0
-368,-156,16432,-16,-1,11
-384,-144,16476,0,-15,-4
-388,-140,16372,-1,10,-15
-340,-172,16404,-15,-10,10
-372,-204,16252,-28,7,9
-404,-72,16272,-20,-15,11
-388,-132,16436,-22,17,1
-356,-208,16360,-19,-3,-20
-376,-232,16272,8,-12,-4
-404,-168,16436,-11,16,-15
-456,-156,16312,17,-29,9
-412,-196,16448,25,15,-28
-456,-260,16340,0,8,29
-444,-196,16456,6,11,17
-384,-80,16400,-26,1,-18
-404,-156,16328,-36,-31,-8
-340,-196,16300,-16,21,5
-344,-200,16404,-13,2,-5
-420,-128,16432,-17,23,-17
-392,-172,16420,27,4,17
-380,-184,16444,-3,-4,11
-412,-176,16400,1,7,-1
-408,-164,16344,-10,-10,18
-368,-88,16544,2,39,9
-420,-224,16432,1,1,-18
-432,-132,16356,12,-11,-10
-348,-152,16496,-32,13,12
-448,-116,16472,-17,-10,-12
-368,-120,16324,-26,-18,-4
-340,-164,16532,-2,-14,2
-360,-172,16552,-3,4,-3
-464,-264,16564,-18,2,-15
-420,-124,16436,9,-5,-10
-420,-204,16536,11,-10,-9
-424,-156,16520,13,-3,-18
-448,-180,16472,0,13,4
-456,-116,16380,-2,-1,-26
-400,-240,16380,4,-20,-1
-384,-100,16280,-33,10,-3
-356,-112,16500,8,-5,35
-440,-244,16444,5,3,-10
-440,-224,16532,-15,-22,-11
-392,-180,16256,-8,34,9
-404,-176,16356,17,-36,-9
-456,-200,16360,-8,18,-8
-412,-84,16532,7,-21,-10
-472,-228,16516,-15,10,11
-576,-120,16532,-2,11,17
-360,-120,16312,-16,-4,6
-392,-168,16536,-6,32,3
-488,-204,16388,-11,4,-31
-440,-168,16392,-2,21,9
-444,-100,16468,-16,3,0
-404,-140,16488,-5,14,-4
-412,-164,16464,2,-10,4
-520,-164,16372,-20,12,-8
-444,-184,16392,-11,-2,-14
-572,-208,16308,-26,-7,3
-484,-256,16252,3,-21,-4
-408,-108,16436,-25,19,18
-444,-188,16516,-4,-17,0
-340,-176,16372,-18,6,-8
-428,-172,16404,1,-11,18
-388,-216,16520,-1,-3,-1
-392,-228,16276,-4,-24,-9
-400,-212,16312,10,27,12
-348,-168,16360,-5,4,13
-420,-188,16496,-11,-13,14
-420,-244,16288,-34,25,-11
-440,-108,16500,2,20,-2
-420,-200,16400,2,24,-2
-340,-252,16392,-8,-13,8
-440,-164,16388,8,-6,32
-340,-220,16360,11,-23,-4
-400,-188,16384,-3,11,-8
-476,-188,16552,-4,-15,-8
-416,-136,16284,4,3,7
-360,-56,16524,-9,-23,-15
-452,-212,16404,-6,-7,-28
-368,-176,16436,10,-21,8
-424,-188,16544,-20,29,-4
-452,-228,16376,9,-5,-1
-508,-88,16504,16,16,13
-436,-172,16380,-2,-16,-4
-360,-88,16364,23,25,1
-452,-264,16468,8,-8,1
-520,-92,16396,14,-12,-21
-492,-184,16492,-40,37,-1
-396,-96,16564,-21,-21,-7
-496,-244,16548,-9,-19,0
-416,-120,16380,12,-12,12
-468,-212,16536,11,-4,-8
-368,-180,16364,-9,10,3
-360,-164,16480,6,-1,-2
-408,-228,16336,1,-8,14
-480,-228,16300,1,-15,-22
-436,-192,16444,7,-19,3
-428,-148,16380,-19,-3,-10
-388,-220,16276,9,-15,6
-436,-148,16276,-19,-18,-24
-392,-252,16392,-8,1,14
-416,-196,16444,-44,8,1
-428,-148,16408,10,6,-9
-508,-120,16488,3,-33,-1
-388,-256,16412,1,26,2
-524,-120,16400,-13,-10,-3
-432,-188,16356,20,-6,-2
-404,-120,16528,-2,-19,14
-416,-176,16408,-10,20,-8
-428,-160,16516,6,-16,1
-472,-116,16480,8,8,-23
-452,-140,16408,-17,6,-8
-428,-72,16444,1,-1,22
-316,-196,16452,3,-10,-27
-460,-172,16512,-14,-8,-8
-352,-160,16316,-1,19,2
-352,-188,16316,-20,0,-9
-468,-124,16372,-19,24,5
-432,-176,16532,-2,-23,0
-392,-92,16324,-14,-12,7
-416,-120,16308,0,11,-1
-364,-148,16444,-14,-19,-7
-428,-236,16360,-17,8,2
-452,-244,16344,-17,14,1
-456,-140,16336,4,35,-9
-456,-228,16428,12,16,7
-464,-40,16448,9,13,-9
-356,-168,16376,-21,-13,-5
-380,-240,16416,-28,18,13
-404,-132,16360,12,-2,-7
-484,-224,16452,-25,-21,-3
-476,-188,16404,-27,-21,-2
-380,-164,16440,0,-1,10
-364,-176,16352,-27,-24,-27
-384,-188,16392,-17,-17,9
-356,-240,16404,14,29,-15
-548,-96,16564,-3,11,-20
-520,-244,16520,-19,15,-10
-436,-68,16424,6,26,-19
-420,-176,16464,-11,21,-20
-440,-204,16488,-38,22,-4
-440,-192,16308,-7,-5,37
-476,-196,16432,13,2,-16
-456,-160,16428,4,34,8
-376,-124,16368,-25,-24,-5
-472,-188,16424,7,-5,5
-412,-268,16364,-15,-5,-8
-516,-228,16512,12,-11,-30
-572,-68,16520,-24,-14,2
-380,-208,16404,0,4,12
-492,-132,16296,-15,-16,-14
-436,-152,16576,5,-7,13
-452,-20,16380,17,5,-12
-432,-248,16476,0,-28,-5
-340,-160,16524,-2,-26,8
-372,-180,16392,-21,4,-25
-504,-148,16404,-5,-8,8
-464,-112,16560,-13,-18,-11
-416,-208,16444,-9,27,-17
-476,-144,16404,-11,-13,0
-416,-280,16400,13,13,-4
-476,-152,16460,2,-13,-1
-400,-184,16532,-1,-3,-18
-400,-196,16404,-11,14,8
-500,-128,16352,-2,2,-6
-436,-16,16340,2,1,17
-496,-188,16440,25,16,-31
-336,-76,16304,-3,-13,-16
-392,-216,16388,-1,22,0
-420,-232,16568,-8,8,-5
-500,-124,16372,-14,10,11
-452,-192,16340,-32,-10,-19
-384,-196,16432,-37,7,-12
-372,-196,16348,10,-5,-13
-484,-120,16380,-9,7,-7
-460,-60,16556,4,6,-12
-412,-60,16452,-4,-2,13
-412,-188,16448,-16,-2,6
-388,-128,16392,8,-10,-3
-508,-96,16404,10,24,-19
-464,-84,16328,12,-2,-35
-416,-140,16444,5,14,-6
-444,-172,16508,-28,-19,-2
-360,-212,16436,-8,20,-5
-420,-232,16336,1,-1,9
-440,-316,16444,11,-14,-19
-416,-136,16472,-23,-10,-6
-472,-200,16380,-7,-30,-29
-464,-164,16496,-18,-6,4
-400,-108,16500,-18,-32,5
-384,-180,16472,-25,37,8
-500,-192,16412,-4,20,1
-412,-164,16524,0,5,-4
-420,-116,16472,-1,-6,5
-400,-196,16484,8,27,-2
-468,-256,16388,-11,-4,-7
-496,-152,16276,-7,3,1
-316,-304,16488,9,-12,-25
-424,-220,16456,23,11,-6
-496,-76,16344,-14,-5,-22
-420,-156,16348,10,26,-4
-432,-100,16256,-16,18,-17
-508,-104,16452,3,9,0
-424,-140,16588,-22,1,-16
-408,-152,16488,-9,27,-17
-312,-196,16384,-29,-18,-6
-484,-100,16524,-22,9,15
-524,-176,16416,11,4,-5
-476,-192,16420,-17,-4,0
-388,-164,16380,23,8,-7
-456,-164,16292,-14,-5,3
-412,-184,16412,-3,-10,-20
-416,-316,16448,-10,-4,8
-444,-80,16308,-25,-18,-12
-436,-200,16604,-21,-18,-9
-464,-136,16540,-16,-7,-14
-408,-152,16412,19,17,10
-476,-264,16364,-14,-18,-25
-376,-296,16456,-3,15,-12
-400,-176,16452,7,10,14
-408,-160,16472,-8,13,-2
-412,-96,16408,-12,-5,-17
-444,-112,16288,-4,-10,28
-400,-180,16400,-19,6,-9
-372,-200,16472,-27,-13,16
-428,-212,16364,-44,-16,-29
-376,-276,16372,-18,0,29
-436,-184,16484,-20,-24,-17
-360,-180,16476,2,17,8
-392,-176,16356,-11,-9,-3
-404,-116,16516,37,28,2
-448,-80,16492,-3,1,9
-460,-268,16408,9,7,-20
-480,-176,16400,7,0,-16
-388,-212,16316,0,2,-6
-456,-124,16376,2,20,-11
-352,-152,16392,4,-15,-18
-460,-132,16336,-9,3,-11
-472,-196,16356,6,-8,6
-476,-68,16344,4,5,-1
-500,-228,16308,-10,3,-4
-444,-148,16464,-17,-1,8
-392,-188,16460,-24,0,-18
-420,-184,16552,15,4,8
-352,-208,16488,7,12,-9
-408,-168,16460,7,17,-11
-392,-200,16380,2,23,17
-392,-92,16548,7,-11,-15
-424,-156,16476,4,6,-18
-480,-204,16492,12,-11,-8
-396,-100,16432,-7,14,-11
-268,-100,16340,-7,14,-10
-380,-176,16480,-19,-21,-17
-392,-220,16464,-11,0,-3
-360,-132,16440,-31,8,-16
-428,-192,16412,-11,8,6
-428,-188,16396,2,4,9
-416,-228,16264,-11,5,2
-380,-76,16384,-17,-12,-17
-440,-140,16332,3,-6,4
-392,-212,16352,-23,14,-9
-444,-220,16520,-22,-23,-21
-360,-204,16468,-13,-8,-2
-516,-200,16564,-18,-29,-16
-480,-104,16448,-16,5,-6
-428,-144,16328,-5,-17,0
-388,-156,16452,16,-18,-2
-356,-168,16400,6,-2,-17
-416,-188,16440,9,-8,-18
-436,-232,16492,-5,-10,6
-480,-160,16568,0,13,-23
-432,-252,16428,18,22,6
-376,-40,16364,18,22,26
-480,-236,16424,22,29,-6
-364,-100,16448,-6,22,-16
-368,-188,16480,-1,11,1
-412,-348,16476,-7,17,-18
-348,-228,16336,20,32,28
-396,-132,16552,-12,-22,-10
-432,-196,16292,7,-6,-6
-400,-104,16540,-36,-30,-12
-392,-176,16424,-31,7,6
-480,-240,16384,-19,-14,-30
-428,-120,16336,-9,9,-25
-392,-120,16452,-21,0,-15
-384,-68,16336,-12,2,5
-384,-172,16412,10,-20,3
-428,-220,16420,-26,18,-5
-480,-112,16472,3,9,-22
-404,-120,16552,-3,7,4
-412,-168,16476,15,0,-7
-476,-208,16436,-7,21,-2
-408,-240,16532,21,17,4
-380,-200,16424,-8,-12,-4
-444,-236,16416,-6,20,-1
-372,-268,16468,24,-13,-16
-488,-176,16436,-22,12,-19
-508,-280,16452,-6,14,2
-372,-112,16436,21,-7,9
-392,-216,16440,-16,30,-30
-364,-152,16448,-30,6,22
-404,-268,16424,19,-38,-6
-524,-172,16228,-6,18,2
-368,-176,16416,-29,6,10
-436,-236,16556,13,-14,-30
-464,-176,16564,-3,23,-9
-412,-240,16356,-7,-11,-16
-456,-104,16352,28,-5,-18
-388,-212,16392,-15,23,-5
-448,-260,16476,17,-25,-16
-500,-264,16464,20,31,-1
-488,-132,16436,-30,9,22
-368,-228,16340,-19,1,15
-456,-208,16432,-4,-3,-23
-400,-200,16256,-7,36,1
-508,-172,16236,-48,27,1
-280,-260,16468,25,-39,9
-520,-204,16380,-23,18,13
-296,-236,16492,-36,-7,-20
-404,-192,16428,7,-30,-11
-516,-144,16476,-28,10,-21
-428,-132,16396,11,-4,20
-492,-244,16420,-9,-14,-9
-404,-92,16416,7,18,0
-524,-120,16328,-19,-12,-6
-504,-108,16460,11,31,-11
-288,-216,16500,2,11,15
-476,-228,16356,17,0,-7
-304,-116,16484,-25,-21,-7
-492,-212,16300,-14,15,17
-384,-232,16308,-29,15,-15
-328,-240,16548,11,13,-2
-356,-140,16408,-5,-3,-21
-432,-220,16420,-7,7,11
-404,-264,16364,15,-23,-20
-432,-236,16432,7,-11,-4
-316,-188,16300,-1,4,1
-520,-80,16348,-35,-5,-1
-488,-168,16532,-3,-12,15
-452,-148,16364,5,11,-5
-420,-68,16420,7,-17,-32
-436,-164,16300,-11,-2,0
-420,-132,16448,-22,-21,2
-344,-140,16368,-14,9,5
-296,-160,16320,-2,1,12
-492,-200,16508,-5,-10,-1
-432,-164,16408,6,1,2
-360,-200,16328,-12,-4,-21
-544,-132,16468,-16,10,3
-404,-176,16472,-3,6,-25
-388,-240,16376,-12,16,21
-356,-212,16544,0,-11,-29
-308,-236,16464,-16,28,-6
-316,-296,16400,8,3,-10
-300,-188,16448,-29,-5,7
-396,-188,16460,-10,1,-7
-396,-192,16512,-9,-16,-13
-412,-180,16388,-28,-12,12
-488,-100,16412,-12,-56,-1
-500,-204,16456,-26,-3,-2
-472,-216,16340,-23,41,-19
-412,-240,16388,-9,-16,19
-444,-188,16376,5,41,-11
-436,-188,16368,11,27,-13
-440,-260,16504,34,25,30
-408,-216,16448,2,18,-1
-364,-268,16304,2,-2,22
-400,-92,16416,-3,-27,1
-456,-216,16304,3,-15,-2
-552,-288,16464,-30,-37,-13
-432,-212,16412,-14,0,-5
-408,-224,16328,6,-23,8
-412,-192,16396,-20,1,0
-352,-212,16328,-4,-13,-20
-508,-100,16616,-33,-38,-19
-508,-172,16468,-10,9,17
-500,-156,16340,22,-5,-13
-456,-220,16496,24,44,8
-384,-208,16376,33,7,-10
-432,-72,16412,-9,12,7
-432,-284,16444,13,28,-27
-420,-216,16440,-36,-26,4
-380,-240,16372,-6,3,-11
-420,-308,16448,-18,17,-3
-472,-172,16488,-25,-18,5
-420,-116,16416,-18,0,7
-468,-180,16356,-2,-20,1
-500,-44,16492,-20,19,-5
-340,-236,16472,16,4,10
-412,-136,16436,-14,-7,-39
-420,-248,16436,-19,-30,-6
-376,-160,16340,-11,-37,28
-472,-164,16428,13,29,-20
-316,-268,16440,-8,-9,-9
-384,-68,16480,-7,24,-16
-428,-180,16280,4,2,-5
-504,-252,16416,-10,35,11
-424,-216,16436,2,18,-20
-396,-96,16520,3,-24,-5
-336,-156,16436,-18,-19,-13
-556,-76,16448,-18,18,-20
-312,-144,16480,-9,11,-6
-376,-208,16500,-4,-24,-9
-476,-212,16416,-25,-2,-6
-404,-248,16300,-2,16,9
-392,-160,16412,-11,4,-2
-364,-176,16368,-3,-23,-11
-480,-192,16368,26,-11,2
-400,-160,16284,-10,7,-11
-372,-140,16332,-38,-26,6
-352,-208,16384,-5,8,-14
-392,-96,16344,-13,0,-7
-540,-120,16388,-12,-18,-3
-480,-180,16284,-32,9,-1
-396,-180,16456,-12,3,24
-380,-132,16496,16,-4,2
-328,-200,16404,12,19,-8
-412,-124,16400,11,-28,2
-380,-120,16444,19,-1,10
-488,-228,16396,-11,16,-17
-392,-296,16356,4,-2,-5
-364,-160,16508,-20,14,9
-392,-156,16392,-6,1,0
-468,-264,16528,-9,1,-8
-312,-272,16416,-9,-7,12
-288,-200,16384,2,-6,13
-512,-40,16456,0,-1,-17
-500,-196,16412,7,12,21
-356,-160,16508,-37,-22,4
-376,-132,16516,19,24,21
-404,-152,16540,-2,3,-24
-500,-188,16524,-12,7,2
-348,-144,16460,11,-25,5
-472,-196,16500,22,11,0
-452,-216,16392,-14,-15,-7
-428,-192,16596,-29,0,30
-364,-60,16496,-28,2,7
-348,-204,16416,16,52,2
-448,-164,16440,5,15,1
-436,-152,16332,33,-20,-23
-484,-216,16416,2,4,1
-424,-228,16544,-10,4,4
-436,-204,16424,-11,8,-12
-440,-116,16380,-34,-82,12
-412,-252,16440,-34,33,2
-404,-76,16380,-12,36,13
-432,-104,16376,-34,-15,6
-356,-112,16316,16,-24,15
-452,-148,16520,-19,-4,-7
-456,-208,16428,10,-5,13
-444,-116,16460,-25,10,6
-396,-148,16544,-13,15,4
-376,-92,16512,-11,5,1
-360,-180,16444,-12,-5,26
-448,-204,16488,-11,6,-12
-544,-164,16564,-15,7,0
-376,-156,16540,-7,-16,7
-476,-172,16500,8,1,-5
-384,-212,16452,-25,6,19
-352,-268,16424,-7,-6,-6
-444,-144,16440,-22,-28,16
-424,-92,16496,-5,-10,-21
-472,-124,16424,-8,22,3
-420,-240,16392,-6,-10,-4
-368,-216,16568,4,-7,-15
-532,-136,16492,-9,1,-7
-428,-228,16476,-9,-14,11
-436,-168,16396,16,20,11
-428,-312,16488,-17,18,-6
-460,-160,16244,-36,0,10
-400,-180,16552,3,-27,-3
-408,-276,16580,5,-2,-30
-388,-264,16336,5,-14,-24
-264,-128,16440,-14,-10,3
-476,-116,16324,13,-3,-4
-448,-224,16376,5,-5,-9
-288,-244,16440,-4,9,-13
-464,-196,16544,-1,3,0
-380,-144,16472,-9,-13,9
-416,-208,16480,16,11,-5
-468,-36,16548,-8,-18,-16
-468,-240,16364,-16,-3,-3
-364,-204,16432,-11,-18,3
-468,-280,16400,2,-1,1
-348,-84,16488,6,4,-31
-508,-132,16480,-24,-4,21
-424,-164,16460,-27,9,-16
-480,-164,16456,-32,13,-11
-396,-164,16436,-1,-12,-17
-552,-88,16448,10,2,-2
-380,-196,16368,21,37,13
-372,-144,16300,44,42,-13
-388,-224,16460,5,18,7
-520,-176,16412,1,-39,-15
-472,-100,16436,-22,-49,2
-448,-168,16448,-6,-5,-4
-436,-108,16448,-39,-11,-21
-356,-116,16416,-13,-35,-13
-376,-124,16440,-21,-20,16
-460,-92,16320,18,10,-8
-500,-180,16364,6,36,-15
-428,-120,16392,-13,-30,-12
-448,-168,16536,2,10,-11
-464,-132,16432,-2,20,-7
-408,-188,16552,5,10,9
-468,-144,16472,1,5,0
-456,-40,16460,-28,-4,-8
-416,-204,16464,5,17,0
-320,-188,16476,-4,-24,-14
-448,-104,16488,-17,-9,-10
-468,-232,16420,5,3,-9
-356,-196,16544,-13,-15,18
-448,-216,16448,-13,2,24
-424,-228,16428,-9,19,33
-412,-184,16372,-1,-36,-14
-432,-204,16304,-11,26,11
-376,-268,16476,-7,-1,-10
-428,-212,16380,6,19,-14
-432,-112,16584,15,10,13
-368,-148,16300,-9,-14,-3
-344,-164,16496,-10,21,0
-396,-148,16456,-10,-18,7
-440,-144,16288,-16,-12,-14
-456,-208,16444,7,0,-18
-396,-108,16420,-24,0,-11
-384,-228,16476,-27,10,10
-356,-140,16460,-1,28,3
-400,-172,16500,-2,-4,-18
-352,-144,16488,21,14,17
-448,-208,16392,15,-4,-8
-460,-252,16532,-17,1,-26
-336,-132,16400,-9,0,11
-464,-172,16524,-3,-13,-28
-396,-64,16380,-16,-27,0
-364,-40,16488,4,-1,-33
-508,-224,16496,-13,-35,4
-484,-116,16336,2,-12,-31
-416,-168,16432,-29,-44,4
-496,-164,16480,-9,-12,-4
-464,-228,16356,-9,-30,-14
-380,-228,16452,-10,22,0
-260,-220,16432,-24,-17,2
-456,-144,16312,25,18,0
-448,-220,16308,17,-8,-7
-356,-196,16548,-15,-1,0
-404,-140,16360,20,2,-20
-396,-152,16368,-9,42,-4
-368,-192,16484,7,-38,9
-404,-208,16280,7,-7,-23
-376,-232,16436,-18,-1,-6
-456,-248,16396,4,-6,16
-508,-120,16368,-15,-20,-33
-352,-196,16432,5,1,14
-436,-172,16452,12,-4,3
-456,-112,16424,-14,-5,-3
-372,-232,16364,-3,38,5
-492,-132,16556,8,-36,-12
-436,-176,16444,-20,6,-15
-452,-168,16400,4,-18,19
-520,-32,16416,-5,-19,-1
-396,-152,16488,-30,10,15
-408,-160,16484,15,-3,-6
-420,-92,16336,11,-17,-3
-392,-116,16364,-4,3,-10
-408,-276,16324,-4,34,-23
-340,-164,16492,-24,3,7
-520,-180,16268,3,-6,-2
-324,-208,16376,10,-3,7
-444,-208,16480,-9,-1,-5
-484,-100,16348,-12,6,-26
-368,-160,16520,-6,28,8
-388,-212,16416,-21,15,-19
-392,-184,16456,-6,-5,7
-376,-176,16404,-9,-27,0
-420,-164,16496,-8,12,-22
-428,-196,16292,-26,-7,-4
-384,-188,16516,-19,7,-8
-428,-240,16316,-21,-9,14
-508,-116,16424,-3,-14,3
-440,-204,16436,4,1,6
-428,-152,16376,10,13,-15
-364,-164,16536,12,32,22
-456,-272,16436,13,-6,-8
-324,-156,16512,21,17,-15
-420,-264,16340,19,-11,-2
-496,-84,16544,-26,-7,14
-360,-200,16356,29,2,-7
-412,-256,16428,4,7,-12
-500,-204,16568,1,-11,-27
-320,-164,16368,2,-1,4
-344,-168,16480,-12,-30,13
-356,-192,16364,11,4,2
-428,-220,16436,-18,5,-10
-276,-196,16288,8,-3,1
-384,-100,16432,-1,-11,-17
-436,-240,16612,3,-1,-11
-480,-164,16388,-8,19,-10
-404,-204,16448,-10,3,12
-392,-284,16552,-11,9,-22
-500,-188,16312,19,1,4
-344,-180,16464,-26,-14,-18
-416,-196,16460,11,30,-16
-396,-164,16468,-1,17,0
-408,-176,16448,-9,12,-4
-456,-88,16452,-4,5,-12
-412,-128,16352,-7,3,-14
-380,-160,16408,-13,3,18
-304,-192,16468,10,7,-9
-412,-192,16444,-23,-13,-1
-368,-196,16464,15,19,-22
-456,-144,16532,-4,-11,8
-368,-176,16364,-18,11,-5
-452,-208,16584,11,2,3
-436,-248,16356,9,-13,9
-472,-184,16524,-22,27,-28
-348,-104,16388,10,-22,1
-412,-228,16432,30,5,-46
-380,-116,16476,31,-14,0
-364,-192,16348,-40,-13,2
-388,-56,16560,19,-2,-10
-432,-152,16436,-6,-11,-19
-408,-232,16496,8,19,12
-376,-164,16452,3,4,-45
-400,-120,16528,6,11,5
-452,-228,16492,-28,-9,-8
-500,-196,16448,-4,3,-23
-472,-120,16372,2,8,11
-456,-152,16412,-19,1,12
-392,-112,16500,-19,-19,13
-396,-144,16356,-2,21,-20
-376,-124,16316,-10,-7,-1
-432,-132,16420,-17,4,-14
-420,-64,16360,-6,14,-12
-444,-140,16472,-2,16,5
-428,-52,16428,6,1,-21
-376,-136,16336,16,7,-4
-408,-136,16520,-23,-2,-3
-424,-148,16428,-9,10,24
-312,-116,16460,2,-17,-5
-472,-220,16584,-20,11,-14
-460,-144,16488,-18,-21,-8
-364,-208,16384,-21,-8,10
-540,-84,16420,21,3,12
-424,-96,16428,-6,-20,6
-416,-132,16304,9,17,28
-472,-216,16368,-11,2,-13
-308,-244,16392,-22,-3,10
-360,-176,16516,2,-4,-15
-356,-152,16344,4,-4,8
-436,-76,16612,5,-36,3
-432,-172,16420,1,1,13
-496,-228,16588,21,11,-26
-236,-180,16468,-16,-19,19
-404,-120,16360,-17,-20,-8
-480,-120,16392,0,19,-22
-388,-100,16348,-9,-10,-14
-480,-184,16344,7,-2,7
-436,-240,16416,14,1,-5
-472,-148,16316,-23,45,-9
-368,-80,16380,2,12,23
-380,-144,16424,7,-4,-10
-352,-200,16456,-14,-6,-4
-456,-280,16296,0,-3,3
-416,-196,16452,-16,-10,-21
-408,-100,16456,2,-10,-4
-408,-168,16512,16,-4,-1
-428,-180,16400,7,19,-16
-416,-188,16440,-18,4,-11
-460,-220,16464,-14,11,-32
-412,-164,16520,16,-21,0
-432,-220,16372,-10,22,4
-532,-104,16496,-25,-14,-4
-472,-264,16552,11,11,4
-436,-52,16348,12,23,3
-436,-220,16488,-5,7,2
-384,-132,16372,-31,-3,-15
-496,-164,16456,0,6,-10
-460,-132,16368,8,14,7
-500,-84,16400,18,12,-16
-404,-156,16432,-3,-9,-10
-476,-144,16480,-1,-29,-4
-412,-216,16452,-11,26,-12
-404,-96,16308,-6,-20,-13
-464,-164,16448,0,11,12
-412,-156,16388,-12,-17,-24
-452,-100,16452,-25,2,3
-328,-80,16492,-19,-2,2
-408,-44,16420,-19,-10,-21
-368,-152,16444,3,-1,21
-536,-40,16408,-10,-28,-13
-408,-164,16428,-3,-11,17
-408,-116,16364,-15,-11,-5
-452,-200,16404,10,-1,-12
-400,-152,16388,2,7,-15
-416,-112,16492,-28,13,-26
-348,-152,16236,-1,22,24
-440,-164,16420,11,-3,17
-368,-204,16404,-8,-11,21
-416,-136,16348,-2,31,-35
-348,-116,16384,8,7,-1
-460,-204,16420,6,0,-10
-452,-208,16252,-23,-23,-8
-448,-152,16348,3,-2,-14
-392,-128,16364,3,16,6
-380,-196,16448,-12,-17,-18
-444,-164,16352,-6,19,17
-388,-296,16352,12,-10,-8
-416,-164,16472,12,6,6
-396,-204,16424,18,20,0
-456,-276,16492,-34,-18,1
-300,-128,16296,2,-13,3
-348,-144,16468,-1,7,13
-420,-156,16276,-5,2,-10
-308,-100,16460,-6,7,-13
-440,-216,16452,17,5,-3
-352,-192,16424,7,19,6
-420,-252,16428,4,29,-8
-448,-216,16544,4,30,5
-512,-168,16580,7,12,-5
-452,-212,16432,-35,-18,-1
-452,-140,16532,-3,29,12
-488,-196,16252,-10,-12,29
-520,-196,16452,2,-9,-18
-496,-172,16476,-14,-11,0
-364,-284,16300,-10,-8,11
-316,-136,16340,-34,12,-2
-448,-100,16424,-17,-24,-5
-552,-216,16488,3,25,-23
-436,-224,16444,20,7,10
-476,-132,16488,-13,3,37
-440,-188,16376,28,3,0
-412,-156,16504,-27,-2,18
-484,-136,16320,28,25,-25
-356,-176,16376,20,16,-21
-412,-148,16340,21,5,3
-504,-164,16480,-7,8,-19
-380,-208,16520,19,38,-11
-484,-188,16360,31,36,-24
-264,-168,16452,27,22,1
-500,-188,16568,40,50,-12
-364,-52,16536,48,56,-18
-548,-204,16448,17,80,-12
-396,-160,16344,39,94,0
-340,-252,16412,18,28,-9
-524,-112,16444,16,-11,12
-456,-228,16388,-7,-4,3
-476,-200,16456,-24,-16,3
-416,-228,16492,-25,-17,-19
-440,-224,16504,-43,-25,-2
-524,-252,16320,-17,-54,-24
-448,-100,16300,-35,-15,-8
-420,-148,16328,17,-31,10
-376,-164,16404,-46,-60,25
-340,-128,16628,-62,-16,5
-324,-208,16456,-53,-63,7
-416,-112,16284,-88,-24,-4
-544,-180,16400,-29,-31,-11
-340,-220,16468,-42,-2,-23
-396,-152,16452,26,-15,2
-376,-184,16348,11,37,-1
-484,-204,16528,34,37,-20
-472,-168,16436,50,63,-7
-496,-252,16560,40,38,-21
-368,-188,16488,41,52,11
-404,-220,16508,14,34,4
-392,-132,16512,-20,-6,-5
-444,-212,16336,-19,-45,-14
-380,-144,16400,-31,-21,-6
-504,-112,16444,-5,-51,-14
-476,-132,16588,-27,-43,6
-492,-104,16364,1,-14,-7
-496,-240,16572,-22,5,-29
-416,-196,16432,-10,9,-6
-500,-132,16516,0,16,5
-448,-76,16420,14,10,-4
-480,-212,16316,7,19,-9
-408,-184,16456,-20,-15,26
-360,-100,16540,-2,-24,6
-460,-268,16428,-12,-4,-16
-348,-268,16436,3,6,13
-356,-232,16472,-17,-9,-2
-520,-252,16372,-2,19,-28
-324,-264,16296,20,46,3
-424,-204,16368,4,13,-2
-500,-296,16360,-1,36,-13
-396,-80,16380,4,13,10
-316,-184,16468,16,37,3
-524,-184,16248,8,0,4
-404,-260,16424,15,2,28
-448,-200,16412,-5,-1,-33
-456,-132,16340,-40,-30,-2
-396,-276,16448,-50,-26,-9
-496,-160,16344,-29,-12,4
-560,-144,16524,-22,-35,10
-388,-116,16520,-24,-38,-15
-500,-104,16380,-20,-21,4
-448,-184,16356,-6,16,-22
-260,-84,16504,5,17,0
-472,-188,16416,-3,55,-4
-408,-132,16404,8,10,-15
-360,-252,16440,31,25,11
-356,-304,16484,7,35,-7
-320,-196,16412,-11,12,3
-428,-176,16416,-17,-11,2
-304,-128,16432,20,-2,-28
-436,-112,16384,-16,24,-3
-460,-284,16404,-37,-33,-29
-340,-116,16400,-3,-43,4
-520,-152,16408,-41,-3,15
-532,-200,16328,2,-12,-16
-540,-96,16408,-37,17,8
-508,-100,16376,0,-18,-15
-412,-84,16316,-19,24,-10
-420,-108,16464,6,-17,-12
-496,-168,16344,-29,13,-12
-420,-220,16332,-3,23,-11
-464,-216,16368,9,-9,11
-372,-144,16444,-11,5,-5
